ID,,Geography,,,Districts,,,MyCampaign,,DVC Universe,,Expected Vote,,Turf Assignment,
VAN Precinct ID,DNC Precinct ID,State,County,Precinct Name,CD,SD,HD,Historic Vols,Total MyC,Mid Support DVC,High Support DVC,Exp Vote,Exp Dem,Region,Organizer
347380,833306,GA,Appling,01b,1,19,157,1,4,40,47,842.9896,106.6790832,,
347381,833350,GA,Appling,01c,1,19,157,,1,32,62,641.4179,80.84328319,,
347383,833452,GA,Appling,2,1,19,157,5,31,280,634,1085.7883,544.2248909,,
347386,833541,GA,Appling,03c,1,19,157,1,4,99,179,989.0376,198.9424146,,
347388,833531,GA,Appling,04b,1,19,178,,,14,15,627.238,48.24524083,,
347390,833328,GA,Appling,04d,1,19,178,,5,45,50,908.1147,105.4085133,,
347391,833395,GA,Appling,05a,1,19,157,,2,48,75,656.0993,100.6230732,,
347392,626489,GA,Appling,05b,1,19,178,,,35,42,593.3732,74.68515397,,
1820436,993735,GA,Appling,3a1,1,19,157,,,7,13,536.7342,46.72394783,,
347395,682704,GA,Atkinson,1,8,8,176,,2,94,97,962.5663,146.3549454,,
347396,657026,GA,Atkinson,2,8,8,176,1,1,23,27,409.2061,49.42035648,,
347397,717435,GA,Atkinson,3,8,8,176,,3,143,175,677.336,197.9257043,,
347398,606262,GA,Atkinson,4,8,8,176,1,8,120,207,335.0132,165.5413925,,
347399,630814,GA,Bacon,Dougl,1,19,178,1,11,296,325,3877.4332,509.5550891,,
347404,663545,GA,Baker,A,2,12,154,,4,62,146,287.9877,135.7641707,,
347405,628651,GA,Baker,E,2,12,154,,,56,68,233.6946,76.77073363,,
347406,654844,GA,Baker,H,2,12,154,,4,59,129,246.9571,134.5724967,,
347407,614068,GA,Baker,M,2,12,154,,2,55,63,263.5262,83.08626295,,
347408,642976,GA,Baker,N,2,12,154,,2,62,93,204.1551,88.2286434,,
347409,680366,GA,Baldwin,1714,8,25,149,4,10,87,246,569.077,235.9240821,,
347410,616257,GA,Baldwin,318,8,25,149,5,28,335,546,2461.9611,846.1311247,,
347411,654879,GA,Baldwin,319,8,25,149,2,14,177,465,1214.1395,553.4376478,,
347412,650533,GA,Baldwin,321e,8,25,149,1,5,93,500,467.9051,345.4616422,,
347413,656996,GA,Baldwin,321w,8,25,149,5,37,246,1288,1441.2958,1028.893447,,
347414,717412,GA,Baldwin,322,8,25,149,1,8,129,236,989.6809,330.0598163,,
347415,677464,GA,Baldwin,Cty1,8,25,149,3,21,136,656,695.4139,505.3192792,,
347416,644655,GA,Baldwin,Cty2,8,25,149,1,5,127,398,382.8121,255.5162752,,
347417,682680,GA,Baldwin,Cty3,8,25,149,3,12,113,548,484.1505,344.2152499,,
347418,626474,GA,Baldwin,Cty4,8,25,149,1,8,62,104,165.6377,91.36240576,,
347419,695777,GA,Baldwin,Cty5,8,25,149,5,23,103,502,768.3696,549.8038276,,
347420,694191,GA,Baldwin,Cty6,8,25,149,5,22,150,478,1087.8453,527.9361568,,
347421,606268,GA,Baldwin,Meri,8,25,149,4,27,254,561,2092.5722,803.4363932,,
347422,717432,GA,Baldwin,Mont,8,25,128,3,38,335,1009,2444.9649,1090.27162,,
347423,637011,GA,Banks,1,9,50,32,1,5,41,37,929.7926,96.51428153,,
347428,626513,GA,Banks,2,9,50,32,,4,33,35,552.6073,72.1317119,,
347429,663528,GA,Banks,3,9,50,32,,2,30,28,522.2259,59.94352343,,
347430,592402,GA,Banks,4,9,50,32,,2,35,47,559.9985,66.23240362,,
347431,695821,GA,Banks,5,9,50,32,,,8,5,248.305,21.07988901,,
347432,626456,GA,Banks,6,9,50,32,,2,59,78,1118.061,130.2989959,,
347433,679625,GA,Banks,7,9,50,32,,4,30,30,511.8965,61.76840763,,
347434,594570,GA,Banks,8,9,50,32,,,14,21,402.8871,39.74374754,,
347435,672049,GA,Banks,9,9,50,32,,1,20,15,415.1577,41.25582509,,
347424,665727,GA,Banks,10,9,50,32,1,1,27,27,943.7405,91.00206689,,
347425,652688,GA,Banks,11,9,50,32,,2,50,60,1116.2246,123.1677226,,
347426,684333,GA,Banks,12,9,50,32,,,26,23,509.5771,56.00337948,,
347427,652683,GA,Banks,13,9,50,32,,4,14,11,412.1591,40.6412436,,
347436,721747,GA,Barrow,1,10,47,119,3,18,295,539,2274.176,612.3276217,,
347444,640732,GA,Barrow,2,10,45,119,9,61,453,817,4626.8423,1126.192025,,
347445,630817,GA,Barrow,3,10,45,104,11,40,511,1051,3601.5717,1060.57715,,
347446,663553,GA,Barrow,4,10,45,104,3,15,229,450,1998.9583,508.9225005,,
347447,592427,GA,Barrow,5,10,47,119,3,49,623,1402,5686.0485,1594.811393,,
347450,594610,GA,Barrow,8,10,47,119,6,37,480,879,4552.859,1114.011616,,
347440,833683,GA,Barrow,13,10,45,119,5,65,961,2423,5814.5118,2078.334456,,
347443,833447,GA,Barrow,16,10,46,104,10,65,1030,2208,5116.9104,1893.659238,,
347452,648414,GA,Bartow,1,11,52,14,9,43,445,798,4435.5673,1017.0602,,
347461,620542,GA,Bartow,2,11,37,15,6,32,287,556,2211.461,610.9683471,,
347462,710760,GA,Bartow,3,11,52,15,15,65,538,1270,3618.7503,1158.650922,,
347463,721717,GA,Bartow,4,11,52,15,18,72,555,1198,5217.3075,1372.517778,,
347464,670386,GA,Bartow,5,11,52,14,3,26,328,573,2313.546,640.3562559,,
347465,721721,GA,Bartow,6,11,52,15,5,23,216,310,2556.3603,532.9633506,,
347466,620560,GA,Bartow,7,11,37,15,3,11,146,238,1858.5739,386.3788094,,
347467,652671,GA,Bartow,8,11,52,14,7,27,321,558,3359.7722,793.0715902,,
347468,694179,GA,Bartow,9,11,52,14,,1,50,47,933.6775,139.1295185,,
347453,689794,GA,Bartow,10,11,52,14,2,10,144,258,1858.834,363.8246176,,
347454,648415,GA,Bartow,11,11,52,15,5,26,308,687,2595.7401,696.1143268,,
347455,650468,GA,Bartow,12,11,52,14,,3,85,85,1437.3192,205.6403424,,
347456,673715,GA,Bartow,14,11,52,14,1,5,98,109,1948.049,280.2029017,,
347457,665717,GA,Bartow,15,11,52,14,1,8,111,139,1740.3455,287.386468,,
347458,654868,GA,Bartow,16,11,52,15,9,33,565,1258,3221.2673,1064.564108,,
347459,614027,GA,Bartow,17,11,52,14,7,31,393,774,3960.8396,975.599847,,
347460,660781,GA,Bartow,18,11,52,15,1,11,109,210,1062.8866,261.6969793,,
347469,660769,GA,Ben Hill,1,8,13,156,8,47,826,1861,5269.7699,1813.456247,,
1179252,640816,GA,Berrien,11062,8,13,170,,1,34,26,669.8712,67.0959829,,
347474,660818,GA,Berrien,1144,8,13,170,,3,71,102,1051.0873,165.4915258,,
347476,648416,GA,Berrien,1157,8,13,170,2,8,258,365,3437.4693,520.5493351,,
347479,679617,GA,Berrien,1642,8,13,170,,3,38,54,573.2892,79.28885592,,
347482,632907,GA,Berrien,518,8,13,170,,9,87,124,700.5762,157.1846963,,
347483,620541,GA,Bibb,Em1,2,26,149,,19,59,954,662.3008,573.3457348,,
347484,642978,GA,Bibb,Em2,2,26,149,6,33,111,1831,1661.899,1441.90149,,
347485,721724,GA,Bibb,Em3,2,25,142,17,78,263,1301,1635.7068,1124.77116,,
347486,721745,GA,Bibb,Em4,2,26,149,5,36,87,998,994.4799,863.9003207,,
347487,721725,GA,Bibb,Em5,2,26,143,3,27,178,1088,1309.7527,976.5184978,,
347489,586398,GA,Bibb,Gf1,2,26,142,15,91,258,2862,2231.8558,1881.522645,,
347490,592434,GA,Bibb,Gf2,2,26,143,1,11,108,923,657.5522,535.4974911,,
347491,677488,GA,Bibb,Gf3,2,26,145,13,40,121,1403,1197.9206,1019.94088,,
347492,652663,GA,Bibb,Gf4,2,26,143,6,11,88,827,649.3611,527.6510992,,
347493,677484,GA,Bibb,Gf5,2,26,145,3,39,178,2249,1911.2388,1602.96635,,
347496,717392,GA,Bibb,Ha1,2,26,145,4,34,116,1550,1354.9036,1142.754708,,
347497,684374,GA,Bibb,Ha2,8,18,142,9,44,407,1515,2167.2636,1248.044973,,
347498,689784,GA,Bibb,Ha3,2,26,145,15,131,544,2935,3608.2506,2632.495218,,
347499,650550,GA,Bibb,Ha4,8,18,145,6,72,438,1177,3255.6845,1474.187751,,
347503,717404,GA,Bibb,Ho1,8,18,142,10,62,318,620,2276.3991,892.3138107,,
347504,677466,GA,Bibb,Ho2,8,18,142,10,47,329,798,2325.9064,969.9528564,,
347505,618406,GA,Bibb,Ho3,8,18,144,18,105,676,1813,3500.4036,1808.959843,,
347506,946317,GA,Bibb,Ho4,8,25,142,3,26,175,619,962.8158,538.1110632,,
347507,618412,GA,Bibb,Ho5,8,25,142,9,29,194,916,1098.4184,709.5463809,,
347508,657042,GA,Bibb,Ho6,8,25,142,7,31,238,544,1246.6451,615.5441345,,
347509,586448,GA,Bibb,Ho7,8,18,142,9,62,313,557,1956.3944,853.3803892,,
347512,704529,GA,Bibb,Ru1,2,18,143,7,65,576,1621,3855.109,1957.24984,,
347513,594545,GA,Bibb,Ru2,2,26,143,9,33,305,975,2238.0431,1041.624994,,
347514,618395,GA,Bibb,Vv1,2,26,143,20,77,392,1334,1687.9423,1159.250922,,
347515,640727,GA,Bibb,Vv2,2,26,143,12,52,166,826,929.3943,680.6877986,,
347516,663555,GA,Bibb,Vv3,2,26,142,3,47,96,1463,1257.411,1074.791032,,
347517,650538,GA,Bibb,Vv4,2,26,142,12,53,192,1815,1763.2429,1462.858434,,
347518,717418,GA,Bibb,Vv5,8,25,142,8,32,257,645,1444.7219,740.7968588,,
347519,652687,GA,Bibb,Vv6,2,26,142,11,44,394,859,1690.3783,932.6466532,,
347523,650512,GA,Bibb,Wa1,2,18,145,3,24,217,532,1795.5023,703.84434,,
347524,594590,GA,Bibb,Wa2,2,18,145,7,36,217,657,2166.7371,892.9328288,,
347525,592403,GA,Bleckley,1,8,20,133,6,39,487,1009,4968.7868,1100.28224,,
347526,833281,GA,Brantley,1,1,3,174,,5,38,28,1952.3106,133.0735202,,
347527,704524,GA,Brantley,2,1,3,174,,10,76,78,2433.6703,220.439121,,
347528,684350,GA,Brantley,3,1,3,174,,7,95,96,2244.7575,223.3586706,,
347536,710824,GA,Brooks,1199,8,11,175,1,20,250,1233,1768.9193,951.4996154,,
347537,670376,GA,Brooks,1230,8,11,175,,1,22,55,221.083,65.99229751,,
347538,680397,GA,Brooks,1402,8,11,175,1,11,103,277,625.1115,284.0241064,,
347540,586478,GA,Brooks,1650,8,11,175,2,5,125,271,1239.2051,298.1398706,,
347541,670421,GA,Brooks,1712,8,11,175,,2,42,95,361.0297,99.75053375,,
347543,677468,GA,Brooks,659,8,11,175,,3,36,59,423.9237,81.1260412,,
347544,650546,GA,Brooks,660,8,11,175,,8,137,267,1131.7733,317.5608454,,
347545,650506,GA,Bryan,1,1,1,160,2,13,179,467,1398.1658,440.7070199,,
347548,626495,GA,Bryan,2,1,1,160,5,17,172,303,1852.0742,426.21407,,
1701139,694165,GA,Bryan,3,1,1,160,2,5,96,202,848.9652,218.1392813,,
347550,592451,GA,Bryan,4,1,1,164,5,44,396,862,1887.6905,808.5229213,,
347552,594596,GA,Bryan,5,1,1,164,8,43,390,776,1624.8471,702.9686536,,
347546,648439,GA,Bryan,6,1,1,164,5,39,187,249,1957.8482,512.9080722,,
347554,636972,GA,Bryan,7,1,1,166,8,60,347,540,2925.9105,859.5583533,,
347553,721726,GA,Bryan,8,1,1,166,8,60,287,342,2492.0284,697.2587776,,
1701140,586439,GA,Bryan,9,1,1,164,8,67,584,980,2470.2001,1021.551919,,
347551,710758,GA,Bryan,10,1,1,166,8,31,151,227,1349.1621,373.2032821,,
347555,618398,GA,Bulloch,1,12,4,159,1,3,48,89,491.1706,127.3730031,,
347563,656968,GA,Bulloch,2,12,4,159,,11,138,237,1400.9649,370.1178242,,
347564,616277,GA,Bulloch,3,12,4,159,5,16,150,452,1456.7017,492.6809807,,
347565,586434,GA,Bulloch,4,12,4,160,3,16,240,472,2311.4271,609.392138,,
347566,689772,GA,Bulloch,5,12,4,160,,9,103,177,1441.7237,309.5493236,,
347567,695810,GA,Bulloch,6,12,4,160,1,5,59,110,1061.6317,205.9275829,,
347568,620493,GA,Bulloch,7,12,4,160,,1,55,148,835.8243,188.5490596,,
347569,710782,GA,Bulloch,8,12,4,158,,,17,29,304.3517,62.02941986,,
347570,660742,GA,Bulloch,9,12,4,158,1,6,83,205,558.4278,189.5650938,,
347556,670398,GA,Bulloch,10,12,4,160,4,34,255,582,2134.4895,693.0751611,,
347557,628643,GA,Bulloch,11,12,4,158,7,53,438,1725,3287.8092,1507.372985,,
347558,650488,GA,Bulloch,12,12,4,158,,9,101,236,1024.6762,279.5518247,,
347559,618432,GA,Bulloch,13,12,4,160,17,73,514,1298,3587.634,1322.705315,,
347560,636926,GA,Bulloch,14,12,4,159,11,59,477,1686,2999.4456,1437.209384,,
347561,657031,GA,Bulloch,15,12,4,160,12,55,436,1681,1696.4372,933.0766682,,
347562,694198,GA,Bulloch,16,12,4,160,,5,45,72,685.6845,136.6474771,,
347578,715738,GA,Burke,2,12,23,126,,18,203,520,1463.3363,541.7240273,,
347579,652732,GA,Burke,3,12,23,126,1,4,57,190,421.7526,200.8056323,,
347580,586416,GA,Burke,4,12,23,126,,8,53,208,547.2867,263.0206214,,
347581,620504,GA,Burke,5,12,23,126,3,9,86,225,591.7737,228.2988338,,
347582,677471,GA,Burke,6,12,23,126,,1,36,119,204.3149,99.66408509,,
347583,680379,GA,Burke,7,12,23,126,,1,70,263,400.7082,224.3186618,,
347585,636986,GA,Burke,9,12,23,126,1,8,86,324,738.7208,295.1768396,,
347573,626506,GA,Burke,11,12,23,126,1,8,62,265,587.357,258.2426314,,
347575,642973,GA,Burke,13,12,23,126,1,5,20,77,173.6159,77.96113513,,
347576,682660,GA,Burke,14,12,23,126,5,37,309,1366,1726.0563,1063.479615,,
347577,710797,GA,Burke,15,12,23,126,8,34,277,939,2057.3914,890.2341897,,
1937038,1063638,GA,Butts,Bcab,10,25,118,12,96,1163,2983,10445.8342,2924.994714,,
347592,650491,GA,Calhoun,1,2,12,154,,6,85,222,428.2704,237.6628595,,
347593,614110,GA,Calhoun,2,2,12,154,,1,89,130,360.9352,141.5711569,,
347594,614080,GA,Calhoun,3,2,12,154,1,3,42,227,259.8196,184.5144316,,
347595,640824,GA,Calhoun,4,2,12,154,1,7,80,218,340.7988,192.8711799,,
347596,620583,GA,Calhoun,5,2,12,154,,8,44,267,303.4856,210.4660996,,
2334224,1142954,GA,Camden,301 Tarboro,1,3,180,,6,66,98,637.9838,172.7454482,,
2334214,1142955,GA,Camden,302 Waverly,1,3,180,3,13,109,189,1250.8846,339.3215288,,
2334225,1142956,GA,Camden,303 Woodbine,1,3,180,2,12,143,318,1153.8416,382.0064257,,
2334218,1142957,GA,Camden,304 Harrietts Bluff,1,3,180,1,6,99,151,1242.2953,305.0095133,,
2334220,1142958,GA,Camden,305 West Kingsland,1,3,180,2,11,174,340,1642.4651,426.4034059,,
2334213,1142959,GA,Camden,306 Historic Kingsland,1,3,180,3,33,485,1020,2464.1671,985.933928,,
2334221,1142960,GA,Camden,307 East Kingsland,1,3,180,10,56,785,1393,4368.9418,1568.163264,,
2334217,1142961,GA,Camden,308 St. Marys,1,3,180,12,41,587,955,2762.8956,1031.71297,,
2334223,1142962,GA,Camden,309 North St. Marys,1,3,180,5,21,186,338,1071.118,334.0450485,,
2334216,1142963,GA,Camden,310 South St. Marys,1,3,180,3,15,177,270,1431.4368,431.6266611,,
2334222,1142964,GA,Camden,311 West St. Marys,1,3,180,4,31,262,293,2338.4773,611.2849564,,
2007403,1079996,GA,Candler,Cand,12,4,158,,24,416,952,3765.8757,996.944847,,
347613,684357,GA,Carroll,1006,3,6,18,,3,30,27,795.403,108.2374569,,
347614,650548,GA,Carroll,1111,3,6,18,1,12,153,357,1779.9984,403.3509469,,
347615,632932,GA,Carroll,1122,3,30,71,1,21,254,602,2479.0215,695.2760285,,
347616,715744,GA,Carroll,1152,3,30,18,5,10,65,93,1287.3312,207.4444045,,
347618,614024,GA,Carroll,1240,3,30,18,3,12,143,181,1575.4031,310.3714506,,
347619,650536,GA,Carroll,1371,3,6,72,1,8,62,85,969.038,179.6093715,,
347620,650524,GA,Carroll,1483,3,6,72,2,22,174,337,2430.905,528.5269435,,
347621,636919,GA,Carroll,1496,3,30,18,3,10,84,194,910.0933,203.3786742,,
347622,648392,GA,Carroll,1533,3,6,18,4,12,75,99,1259.5689,211.5486478,,
347623,650513,GA,Carroll,1540,3,30,71,22,70,275,480,2578.2416,742.9267194,,
347624,670424,GA,Carroll,1542,3,30,71,3,14,137,277,1657.8139,367.5818625,,
347625,673721,GA,Carroll,501,3,30,71,1,21,279,855,2177.4076,792.0252656,,
347626,679656,GA,Carroll,640,3,30,71,3,20,144,354,1627.4982,404.3900717,,
347627,657069,GA,Carroll,641,3,30,71,11,59,395,1079,2929.7596,1055.398959,,
347628,679622,GA,Carroll,642,3,30,71,9,82,637,2491,3445.8438,1803.4591,,
347629,594576,GA,Carroll,649,3,30,71,3,13,200,461,2274.6774,544.0581803,,
347630,677489,GA,Carroll,650,3,30,71,4,26,366,976,2136.0227,809.2213161,,
347631,679639,GA,Carroll,682,3,6,70,3,11,91,127,1363.1974,263.2665586,,
347632,656969,GA,Carroll,713,3,6,72,,8,127,169,2134.9086,356.9572726,,
347633,717430,GA,Carroll,714a1,3,30,72,7,50,359,1298,1717.6961,893.728198,,
347634,614055,GA,Carroll,714a2,3,30,71,8,31,159,419,986.4763,404.8075353,,
347635,654799,GA,Carroll,714a3,3,30,72,7,43,284,688,2038.3985,698.7157483,,
347636,652667,GA,Carroll,714a4,3,6,72,8,22,141,379,995.0972,315.8815729,,
347637,650540,GA,Carroll,714a5,3,30,71,6,41,229,439,1483.1677,526.9179391,,
347638,628654,GA,Carroll,714a6,3,30,72,1,16,81,179,917.1451,248.8345732,,
347640,640738,GA,Carroll,714bn,3,30,18,,7,82,232,827.5829,277.5043643,,
347642,654831,GA,Carroll,714bw,3,6,72,6,15,127,249,1388.9863,338.7815544,,
347643,694196,GA,Carroll,715,3,6,72,,5,68,152,1007.0919,213.1470385,,
347645,652714,GA,Catoosa,Blck,14,53,3,,8,89,96,1152.5517,218.6510184,,
347646,594601,GA,Catoosa,Boyn,14,53,3,4,26,296,425,3763.9864,837.3717471,,
347647,632961,GA,Catoosa,Cakt,14,53,3,1,7,108,111,1651.3004,307.2172487,,
347648,710767,GA,Catoosa,Cham,14,53,2,4,11,122,135,1828.7358,354.3028076,,
347650,657089,GA,Catoosa,Ft O,14,53,3,5,15,233,315,2066.9884,504.5978186,,
347651,663578,GA,Catoosa,Gray,14,53,3,6,10,198,333,2655.6763,611.4486971,,
347652,670406,GA,Catoosa,Lake,14,53,3,2,8,175,276,1631.0369,386.1311389,,
347653,592473,GA,Catoosa,Pops,14,53,3,3,11,176,214,2448.0549,505.4398875,,
347654,694188,GA,Catoosa,Ring,14,53,3,12,47,382,541,4408.6383,1065.02192,,
347656,656999,GA,Catoosa,West,14,53,3,8,30,326,495,3168.7905,775.3862759,,
347655,946319,GA,Catoosa,Wood,14,53,2,,6,118,172,1939.9528,363.8507579,,
347658,677460,GA,Charlton,2,1,3,174,4,15,320,678,2199.5171,630.638849,,
347659,632941,GA,Charlton,03b,1,3,174,,1,12,7,294.2805,36.62976769,,
347660,694127,GA,Charlton,03s,1,3,174,,,11,10,344.6226,35.65130751,,
1847975,999717,GA,Charlton,04h,1,3,174,,2,25,25,440.113,60.14036331,,
347664,650500,GA,Charlton,05r,1,3,174,,,11,9,180.6202,21.57479368,,
347665,650505,GA,Charlton,05w,1,3,174,,1,10,7,185.535,25.88762089,,
347666,1001090,GA,Chatham,1-01c,1,2,163,37,233,635,851,2279.7299,1480.505799,,
347676,1001091,GA,Chatham,1-05c,1,2,163,25,116,444,652,1437.1911,890.4756217,,
1701143,1001092,GA,Chatham,1-06c,1,2,163,18,82,367,449,1406.5022,716.8732936,,
347678,1001093,GA,Chatham,1-08c,1,2,163,6,29,222,413,1044.434,537.9852426,,
347679,1001094,GA,Chatham,1-09c,1,2,162,3,31,191,726,834.6894,578.9824097,,
347667,710773,GA,Chatham,1-10c,1,1,166,4,25,120,120,809.1125,279.7175708,,
347669,663587,GA,Chatham,1-12c,1,1,166,7,40,226,162,1432.5226,510.9193109,,
347670,695811,GA,Chatham,1-13c,1,1,163,,18,194,350,840.4929,413.8107308,,
1701142,620577,GA,Chatham,1-14c,1,1,165,8,42,200,306,1143.4858,509.0141518,,
347673,586459,GA,Chatham,1-16c,1,1,166,7,38,265,384,1917.8476,641.9175074,,
347674,668716,GA,Chatham,1-17c,1,1,166,10,66,391,325,2120.6373,765.3455076,,
347686,1001095,GA,Chatham,2-02c,1,2,165,10,50,192,756,780.1131,605.819778,,
347687,1001096,GA,Chatham,2-03c,1,2,163,11,58,190,722,665.7137,526.3342125,,
1701144,1001097,GA,Chatham,2-04c,1,2,165,7,55,238,1153,1105.7241,932.0704779,,
347689,1001098,GA,Chatham,2-05c,1,2,165,21,134,268,1168,1343.0097,1124.052505,,
347690,1001099,GA,Chatham,2-06c,1,2,165,3,28,217,607,828.3317,498.7359512,,
347691,1001100,GA,Chatham,2-07c,1,2,165,15,91,228,1159,1269.0277,1012.253339,,
347692,1001101,GA,Chatham,2-09c,1,2,165,22,121,304,1343,1613.2009,1315.457306,,
347682,663521,GA,Chatham,2-11c,1,2,165,5,34,139,702,706.2064,567.7227462,,
347683,652674,GA,Chatham,2-12c,1,2,163,15,70,162,830,814.8577,675.1236437,,
347700,1001103,GA,Chatham,3-02c,1,2,163,17,76,321,511,952.1171,602.9172196,,
347702,1001105,GA,Chatham,3-04c,1,2,165,10,73,133,1295,1115.325,945.8804819,,
347703,1001106,GA,Chatham,3-05c,1,2,165,9,56,208,877,975.7278,711.1611014,,
347706,1001108,GA,Chatham,3-09c,1,2,165,9,78,222,562,1129.513,690.3038967,,
347694,689791,GA,Chatham,3-10c,1,2,165,7,73,118,1112,1275.2478,1069.858504,,
347695,642979,GA,Chatham,3-11c,1,2,165,1,28,104,572,692.0473,540.5855091,,
347696,594578,GA,Chatham,3-12c,1,2,165,5,40,230,508,934.931,549.3862612,,
1701145,654876,GA,Chatham,3-13c,1,2,165,7,57,321,945,1230.3951,781.6044953,,
347698,616259,GA,Chatham,3-14c,1,2,165,13,62,197,989,1290.8161,966.3936438,,
347713,1001109,GA,Chatham,4-02c,1,1,166,3,43,312,405,1398.8371,581.458855,,
347714,1001110,GA,Chatham,4-04c,1,1,166,6,58,225,242,1470.0686,530.1070526,,
347715,1001111,GA,Chatham,4-05c,1,1,166,9,42,273,261,1512.6352,550.8242615,,
347716,1001112,GA,Chatham,4-06c,1,1,166,7,39,228,196,1549.5143,526.2413697,,
347717,1001113,GA,Chatham,4-07c,1,1,166,11,58,463,454,2154.9336,851.446245,,
347718,1001114,GA,Chatham,4-08c,1,1,166,7,45,225,211,1854.0684,614.4513871,,
347707,670416,GA,Chatham,4-10c,1,1,166,15,48,122,143,994.0535,406.304913,,
347708,670379,GA,Chatham,4-11c,1,1,166,14,53,187,151,1134.8038,456.1154541,,
347709,715741,GA,Chatham,4-12c,1,1,166,13,66,222,179,1762.7317,592.1264152,,
347710,586402,GA,Chatham,4-13c,1,1,166,18,76,260,172,1903.6031,697.9054172,,
347711,652735,GA,Chatham,4-14c,1,1,166,17,120,368,318,2897.3172,1057.957053,,
347724,1001117,GA,Chatham,5-03c,1,2,163,4,30,106,794,711.7792,606.2728718,,
347726,1001118,GA,Chatham,5-05c,1,2,163,10,68,70,1367,1366.1918,1226.178375,,
347727,1001119,GA,Chatham,5-06c,1,2,162,2,36,179,989,903.9104,725.1667523,,
347728,1001120,GA,Chatham,5-07c,1,2,162,2,24,165,707,645.1806,475.9376795,,
1701146,1001121,GA,Chatham,5-08c,1,2,162,6,40,181,744,867.2978,638.1258899,,
347721,636974,GA,Chatham,5-10c,1,2,163,11,92,153,1636,1533.0707,1344.385318,,
347722,626444,GA,Chatham,5-11c,1,2,162,6,65,259,1242,1268.7887,973.2038463,,
1701147,1001122,GA,Chatham,6-01c,1,2,163,9,34,215,652,888.7114,572.6264295,,
347734,1001123,GA,Chatham,6-02c,1,1,166,8,54,233,359,1509.3596,704.9067471,,
1701148,1001124,GA,Chatham,6-03c,1,2,162,14,79,366,792,1674.8458,1064.949894,,
347737,1001125,GA,Chatham,6-05c,1,2,162,4,39,271,784,1058.0267,705.703409,,
1701149,1001126,GA,Chatham,6-06c,1,2,162,6,26,218,449,723.1239,397.2720909,,
347740,1001127,GA,Chatham,6-08c,1,2,162,3,32,171,834,927.8458,694.5217578,,
347741,1001128,GA,Chatham,6-09c,1,2,162,11,94,454,1019,1839.042,1078.493044,,
347732,682696,GA,Chatham,6-10c,1,1,164,17,94,588,1200,2408.8344,1352.650772,,
347733,620543,GA,Chatham,6-11c,1,1,162,21,114,801,2122,2543.6789,1762.996603,,
347742,1001129,GA,Chatham,7-01c,1,2,163,3,17,135,379,701.4849,372.6583583,,
1701152,1001130,GA,Chatham,7-03c,1,2,161,4,17,124,228,548.5236,213.0488859,,
1701153,1001131,GA,Chatham,7-04c,1,2,161,10,65,353,1605,1408.1642,1084.724503,,
347746,1001132,GA,Chatham,7-05c,1,2,163,4,12,118,410,509.3999,303.7189057,,
347747,1001133,GA,Chatham,7-06c,1,4,164,4,43,363,902,1532.9127,822.9124916,,
347748,1001134,GA,Chatham,7-07c,1,4,164,10,62,389,843,2042.4826,880.5636551,,
347749,1001135,GA,Chatham,7-08c,1,1,164,7,22,170,302,1010.0174,352.9909689,,
347750,1001136,GA,Chatham,7-09c,1,1,164,7,57,395,1109,1374.66,858.4256404,,
347743,682674,GA,Chatham,7-10c,1,2,162,11,90,554,1798,2053.4012,1393.825748,,
911188,670432,GA,Chatham,7-11c,1,2,161,12,78,497,1292,1452.9999,1017.50743,,
911189,640781,GA,Chatham,7-12c,1,4,164,8,86,512,1344,2064.3523,1294.544072,,
1701150,628657,GA,Chatham,7-13c,1,4,164,20,100,327,459,1812.6894,820.5600419,,
1701151,640770,GA,Chatham,7-14c,1,2,162,22,173,942,2548,3509.9829,2284.181297,,
1937039,1063639,GA,Chatham,7-15c,1,2,161,8,72,562,1612,1629.7155,1104.338475,,
2012661,1082301,GA,Chatham,7-16c,1,1,164,11,96,445,1404,1941.822,1277.301877,,
2462157,1148681,GA,Chatham,7-17c,1,1,164,6,61,562,751,1676.9218,775.1835103,,
2525118,1154734,GA,Chatham,7-18c,1,1,164,4,30,248,597,962.0166,478.7015386,,
347751,1001137,GA,Chatham,8-01c,1,2,165,11,58,533,1176,848.4232,589.2604716,,
347758,1001138,GA,Chatham,8-02c,1,2,163,16,79,186,1014,856.1087,684.9982264,,
1701155,1001139,GA,Chatham,8-03c,1,2,163,3,13,176,372,722.8583,321.9961534,,
347760,1001140,GA,Chatham,8-05c,1,2,163,3,23,58,673,488.3383,424.6009642,,
347761,1001141,GA,Chatham,8-06c,1,2,163,2,15,44,440,412.9678,365.7168377,,
347763,1001143,GA,Chatham,8-08c,1,2,165,4,39,49,1065,905.7926,808.9584218,,
347764,1001144,GA,Chatham,8-09c,1,2,165,1,18,32,646,530.9914,477.0503284,,
1701154,652731,GA,Chatham,8-10c,1,2,163,4,44,27,757,716.9082,653.169638,,
347753,592454,GA,Chatham,8-11c,1,2,163,6,37,25,645,765.61,698.8096493,,
347754,660743,GA,Chatham,8-12c,1,2,163,5,25,162,873,663.3935,527.6901334,,
347757,636999,GA,Chatham,8-15c,1,2,163,2,26,53,671,632.2512,536.9513274,,
2012658,1082302,GA,Chatham,8-16c,1,4,161,10,68,567,1184,1808.98,1037.594173,,
2041350,1092720,GA,Chatham,8-17c,1,2,161,10,74,530,1305,1480.4023,968.5138392,,
2041351,1092721,GA,Chatham,8-18c,1,2,161,5,21,277,622,525.1513,343.5271869,,
347765,680375,GA,Chattahoochee,1,2,15,151,4,21,362,560,1270.9607,554.339143,,
347769,660804,GA,Chattooga,1484,14,53,12,2,8,106,106,952.0443,181.5312496,,
347770,614103,GA,Chattooga,870,14,53,12,,6,229,211,2614.0146,408.0452721,,
347771,717385,GA,Chattooga,925,14,53,12,1,11,334,493,2734.6244,630.5822792,,
347773,592458,GA,Chattooga,940,14,53,12,,2,83,67,1055.7916,162.3351493,,
347776,672050,GA,Chattooga,968,14,53,12,2,8,93,65,875.1249,152.2042583,,
347779,650467,GA,Cherokee,1,11,56,21,3,33,325,372,2141.0711,751.3984288,,
347790,680405,GA,Cherokee,2,11,56,21,9,42,334,450,3407.3573,994.599081,,
347801,695812,GA,Cherokee,3,7,21,21,9,30,245,345,3121.9777,778.3923267,,
347812,663581,GA,Cherokee,4,7,21,11,3,17,165,217,3124.6131,613.9926342,,
347818,694152,GA,Cherokee,5,11,32,20,14,50,311,477,2692.9409,848.2041969,,
347819,616281,GA,Cherokee,6,11,32,22,15,91,810,1489,3727.89,1665.122566,,
347820,616252,GA,Cherokee,7,11,32,20,14,53,381,518,2614.8551,912.4368388,,
347821,614107,GA,Cherokee,8,11,21,21,21,40,266,386,3109.1812,837.6584961,,
347822,628629,GA,Cherokee,9,11,32,20,17,48,334,466,3431.5046,932.4234781,,
347780,594564,GA,Cherokee,10,11,21,23,9,65,657,1101,5634.132,1782.777247,,
347781,695780,GA,Cherokee,11,11,32,20,9,57,596,1126,2837.406,1206.615725,,
1701157,620519,GA,Cherokee,12,11,56,44,10,93,763,1288,5003.0049,1838.629875,,
347783,694169,GA,Cherokee,13,11,21,23,7,48,436,669,4689.3523,1227.820182,,
347784,616227,GA,Cherokee,14,7,21,11,2,2,34,38,761.1181,114.7340753,,
347785,652706,GA,Cherokee,15,11,32,20,8,27,302,453,1946.7562,697.3220021,,
347786,614119,GA,Cherokee,16,11,32,20,13,64,533,973,3157.618,1224.72376,,
347788,626536,GA,Cherokee,18,7,21,47,10,49,287,356,4161.9665,968.0534025,,
347789,632943,GA,Cherokee,19,11,21,21,22,75,697,978,5821.7461,1840.365573,,
347791,632968,GA,Cherokee,20,7,21,23,9,30,182,221,2942.1807,634.2585328,,
347792,648429,GA,Cherokee,21,11,32,20,7,37,204,279,2125.0719,618.0944581,,
347793,614025,GA,Cherokee,22,11,56,21,4,25,295,477,1960.4614,580.6628277,,
347794,594557,GA,Cherokee,23,11,32,22,14,60,621,1200,3559.9406,1320.707799,,
347795,689749,GA,Cherokee,24,11,32,20,8,58,755,1348,4791.9393,1718.927883,,
347797,632933,GA,Cherokee,26,11,56,46,18,98,942,1228,5567.3904,2133.874029,,
347798,648437,GA,Cherokee,27,7,21,23,1,29,287,434,3681.0464,900.7164721,,
347799,620497,GA,Cherokee,28,7,21,21,3,37,203,280,2294.7947,606.6236157,,
347800,663548,GA,Cherokee,29,11,32,22,11,39,281,509,2200.5306,720.5081713,,
347802,679653,GA,Cherokee,30,11,21,14,2,8,135,140,2632.4292,454.3775367,,
347803,628671,GA,Cherokee,31,11,21,23,6,19,169,303,1241.1108,375.2284176,,
347804,650509,GA,Cherokee,32,11,32,20,11,35,318,353,2426.0084,774.2133826,,
347805,648435,GA,Cherokee,33,11,21,14,,3,31,35,517.7868,86.90727331,,
347806,636960,GA,Cherokee,34,11,32,20,7,30,170,240,2244.6113,588.5681015,,
347807,614123,GA,Cherokee,35,11,32,22,2,17,102,123,1863.9578,361.7385633,,
347808,650520,GA,Cherokee,36,11,21,23,19,77,577,847,5188.4292,1480.656372,,
347809,682667,GA,Cherokee,37,11,56,21,9,63,658,958,4396.2893,1457.532866,,
347810,665722,GA,Cherokee,38,7,21,21,9,25,213,266,3217.4912,726.7606394,,
347811,684366,GA,Cherokee,39,11,21,23,10,43,292,453,3797.648,895.6122055,,
347813,614100,GA,Cherokee,40,11,32,22,7,31,181,290,1874.6328,537.3451753,,
347814,620572,GA,Cherokee,41,11,21,14,11,43,155,214,2585.806,619.0192742,,
347815,689756,GA,Cherokee,42,11,56,21,2,22,213,291,2053.9687,556.652939,,
347816,592418,GA,Cherokee,43,11,56,46,2,52,421,544,2214.7015,878.7890278,,
347817,680396,GA,Cherokee,44,11,56,44,15,83,944,1286,4722.3818,1858.582124,,
347823,620580,GA,Clarke,01a,10,47,124,18,53,350,782,1587.1384,1008.131015,,
347824,628677,GA,Clarke,01b,10,47,124,14,64,326,871,1711.5271,1237.168887,,
347825,650489,GA,Clarke,01c,10,46,121,37,96,454,887,1803.608,1286.361158,,
347826,660719,GA,Clarke,01d,10,46,121,35,118,465,807,2501.3586,1628.008658,,
347827,694174,GA,Clarke,02a,10,47,122,9,54,292,1319,1555.9544,1203.208754,,
347828,614099,GA,Clarke,02b,10,47,122,20,64,306,1472,1389.14,1124.95817,,
2334219,1142965,GA,Clarke,02c,10,47,122,4,38,98,882,876.6668,776.7071704,,
347829,620520,GA,Clarke,03a,10,46,122,28,84,207,1121,1128.5094,872.8408194,,
347830,721758,GA,Clarke,03b,10,47,122,23,75,421,1832,1331.7646,1078.518198,,
347831,677500,GA,Clarke,04a,10,47,124,7,25,295,920,1213.8619,863.8094336,,
347832,657000,GA,Clarke,04b,10,46,121,25,66,454,1000,1489.0162,984.3455816,,
347833,652711,GA,Clarke,05a,10,47,120,25,97,373,1196,1984.7566,1549.16749,,
347834,630775,GA,Clarke,05b,10,47,122,25,87,383,925,1819.4539,1232.356143,,
347835,668709,GA,Clarke,05c,10,47,122,70,167,251,908,1778.9949,1488.183959,,
347836,586445,GA,Clarke,05d,10,47,122,16,75,396,1664,2192.5631,1594.279762,,
347837,668731,GA,Clarke,06a,10,46,120,12,81,467,1351,2419.088,1572.608981,,
347838,592449,GA,Clarke,06b,10,47,120,14,76,589,1067,2502.9549,1559.821995,,
347839,650545,GA,Clarke,06c,10,46,120,24,79,602,1093,2123.8331,1297.943069,,
347841,704526,GA,Clarke,07a,10,46,120,27,75,513,837,2000.5488,1247.087454,,
347842,626445,GA,Clarke,07b,10,46,120,28,91,450,979,1885.2007,1268.438509,,
347843,630809,GA,Clarke,07c,10,46,121,18,73,416,1180,1314.1787,940.4468455,,
347844,654817,GA,Clarke,08a,10,47,121,11,45,460,1357,1378.826,1020.331587,,
347845,709116,GA,Clarke,08b,10,47,124,12,43,243,791,1074.3602,809.6387481,,
347846,586393,GA,Clarke,08c,10,47,121,17,69,364,935,1572.3655,1117.446054,,
347849,657045,GA,Clay,1,2,12,154,,2,39,114,211.3835,91.06895115,,
347850,614120,GA,Clay,2,2,12,154,,7,40,155,194.9934,127.9983619,,
347851,594575,GA,Clay,3,2,12,154,,7,29,163,198.2558,143.1809627,,
347852,594605,GA,Clay,4,2,12,154,,1,38,146,255.1486,133.9085072,,
347853,721759,GA,Clay,5,2,12,154,,3,31,102,312.3102,128.9966653,,
347854,694130,GA,Clayton,Ew1,13,44,76,9,85,99,1492,1654.8849,1492.950883,,
2029401,1088193,GA,Clayton,Ew2,13,44,76,23,116,121,1444,1987.4277,1802.049303,,
347855,640830,GA,Clayton,Fp1,5,34,77,4,54,136,1282,1061.0403,867.9209037,,
347856,679626,GA,Clayton,Fp2,5,34,76,4,39,113,1156,1068.4559,909.156498,,
347857,626471,GA,Clayton,Fp3,5,34,77,1,38,163,1171,992.2089,797.3006142,,
347858,660725,GA,Clayton,Fp4,5,34,77,3,30,192,775,732.9034,533.3936872,,
347859,637003,GA,Clayton,Fp5,5,34,79,2,35,178,1597,1243.2584,1040.443465,,
347860,717436,GA,Clayton,Fp6,5,34,79,3,17,139,641,651.4693,490.3006647,,
347861,721760,GA,Clayton,Jb01,5,34,75,12,77,126,1365,1461.2988,1289.830764,,
347862,680382,GA,Clayton,Jb02,5,34,79,11,53,45,859,817.4092,743.15531,,
347863,679652,GA,Clayton,Jb03,13,17,75,7,27,117,488,590.0058,444.5787046,,
347864,618431,GA,Clayton,Jb04,13,34,75,2,34,64,939,824.7736,691.0466009,,
347865,642974,GA,Clayton,Jb05,13,17,74,7,43,85,828,955.8999,779.7887185,,
347866,657029,GA,Clayton,Jb06,13,17,78,12,86,254,850,1728.6558,1206.328733,,
347867,640762,GA,Clayton,Jb07,13,17,75,6,71,133,1315,1472.3339,1251.703728,,
347868,710817,GA,Clayton,Jb08,13,44,78,6,63,113,1707,1368.7676,1210.593841,,
347869,616232,GA,Clayton,Jb09,13,34,75,3,21,53,577,505.8154,416.7276835,,
347870,640735,GA,Clayton,Jb10,13,34,75,11,47,89,1315,1123.7969,970.3739424,,
347871,704532,GA,Clayton,Jb11,13,17,78,10,54,143,928,1311.5366,1086.269301,,
347872,684355,GA,Clayton,Jb12,5,34,77,7,53,55,1096,1186.6717,1068.009429,,
347873,626486,GA,Clayton,Jb13,13,17,75,6,62,83,1225,1273.3961,1090.019723,,
347874,652693,GA,Clayton,Jb14,13,17,74,18,127,325,1714,2405.8302,1933.41197,,
347875,679655,GA,Clayton,Jb15,5,34,79,4,31,77,1082,831.6189,708.5233683,,
347876,721746,GA,Clayton,Jb16,5,34,75,8,43,79,957,986.8903,852.8403434,,
347877,657070,GA,Clayton,Jb17,5,34,75,9,45,81,1304,1198.463,1065.819181,,
347878,668711,GA,Clayton,Jb18,5,17,75,8,63,127,1515,1399.7574,1206.236726,,
2029403,1088194,GA,Clayton,Jb19,5,34,75,8,66,109,1289,1331.3652,1186.970933,,
2280506,1134198,GA,Clayton,Jb20,5,34,79,9,55,63,1036,1038.5449,927.1447091,,
2280507,1134199,GA,Clayton,Jb21,13,17,75,14,92,109,1493,1534.6931,1362.176363,,
2280509,1134200,GA,Clayton,Jb22,13,17,78,6,39,76,638,746.1018,642.451941,,
347879,626453,GA,Clayton,Lc1,5,44,76,5,44,140,1422,1180.225,1006.087154,,
347880,663544,GA,Clayton,Lj1,13,17,75,17,120,196,2011,2188.6251,1897.440192,,
347881,654886,GA,Clayton,Lj2,13,17,74,12,68,120,1561,1443.191,1259.027855,,
347882,628675,GA,Clayton,Lj3,13,17,74,7,56,87,796,896.1493,756.1134484,,
347883,594592,GA,Clayton,Lj4,13,17,74,10,61,104,1173,1317.4517,1157.120559,,
347884,594573,GA,Clayton,Lj5,13,17,75,11,78,89,1445,1404.2001,1243.605557,,
2029404,1088195,GA,Clayton,Lj6,13,17,74,9,85,133,2054,1931.8998,1709.252283,,
2029408,1088196,GA,Clayton,Lj7,13,17,74,10,94,203,2222,1988.9164,1695.277625,,
2280505,1134201,GA,Clayton,Lj8,13,17,74,3,43,36,686,742.7452,666.6456745,,
347885,1143978,GA,Clayton,Mo01,5,44,76,4,50,124,1242,1266.7673,1112.18702,,
347886,1143979,GA,Clayton,Mo02,5,44,76,9,41,189,934,939.0437,705.4971673,,
347887,1143980,GA,Clayton,Mo03,5,44,76,3,40,172,1391,1112.9157,907.4334334,,
347888,1143981,GA,Clayton,Mo04,13,44,76,3,27,117,1016,904.8969,746.8749715,,
347889,1143982,GA,Clayton,Mo05,13,44,76,10,84,130,1528,1536.4179,1347.03293,,
347890,1143983,GA,Clayton,Mo06,13,44,76,7,55,157,1396,1375.6431,1160.665691,,
347891,1143984,GA,Clayton,Mo07,5,44,76,4,28,102,900,779.004,643.1408604,,
347892,1143985,GA,Clayton,Mo08,13,44,76,7,72,106,1310,1565.9874,1409.17983,,
347893,1143986,GA,Clayton,Mo09,13,44,78,1,21,49,580,629.0511,538.5281744,,
2029419,1088197,GA,Clayton,Mo10,13,44,76,4,40,108,977,1181.3544,986.9702067,,
2029412,1088198,GA,Clayton,Mo11,5,44,76,5,35,88,945,895.934,771.2093967,,
347894,614128,GA,Clayton,Oak1,5,34,77,7,69,50,1044,1002.5565,916.7445649,,
347895,652712,GA,Clayton,Oak2,5,34,77,2,27,43,685,557.1918,497.7663394,,
347896,710792,GA,Clayton,Oak3,5,34,77,6,49,55,1213,984.7437,892.3857368,,
347897,628660,GA,Clayton,Oak4,5,34,77,8,72,42,1014,1046.2875,961.8767251,,
2029418,1088199,GA,Clayton,Oak5,5,34,77,3,17,36,584,467.6823,413.7424787,,
2280508,1134202,GA,Clayton,Oak6,5,34,77,3,23,37,556,473.2509,417.869123,,
347898,694181,GA,Clayton,Ph1,13,34,74,17,101,89,1136,1645.4117,1481.975632,,
347899,632909,GA,Clayton,Ph2,13,17,74,15,113,287,1870,2277.7908,1864.222003,,
347900,626479,GA,Clayton,Rd01,5,34,77,9,72,55,867,1266.4387,1147.240102,,
347901,648396,GA,Clayton,Rd02,5,34,77,13,74,91,1350,1414.1698,1272.542335,,
347902,640761,GA,Clayton,Rd03,5,34,79,11,71,83,1250,1526.5253,1384.73061,,
347903,682714,GA,Clayton,Rd04,5,34,79,7,56,121,1653,1581.2067,1375.02398,,
347904,640802,GA,Clayton,Rd05,5,34,79,8,66,76,1092,1167.2655,1040.27614,,
347905,673712,GA,Clayton,Rd06,5,34,79,9,46,124,1337,1079.7172,924.8474882,,
347906,642999,GA,Clayton,Rd07,5,34,79,3,25,80,1111,859.3215,732.0455278,,
347907,689797,GA,Clayton,Rd08,5,34,77,16,105,86,1142,1541.7683,1379.422672,,
347908,710794,GA,Clayton,Rd09,5,34,79,7,56,88,1048,1079.0868,944.1983024,,
347909,616236,GA,Clayton,Rd10,5,34,79,8,42,44,1088,823.8924,744.1437769,,
347910,640745,GA,Clayton,Rd11,5,34,77,10,50,57,722,954.8444,854.3765003,,
347911,620568,GA,Clayton,Rd12,5,34,77,16,81,72,1297,1380.9498,1239.241973,,
347912,642966,GA,Clinch,Ab,8,8,174,,,6,4,74.004,8.776008774,,
347913,626508,GA,Clinch,Ag,8,8,174,,1,13,21,224.1788,40.86163111,,
347914,632912,GA,Clinch,D,8,8,174,,1,20,34,190.872,41.20875657,,
347915,657075,GA,Clinch,F,8,8,174,,,9,15,148.3925,20.91153461,,
347916,640827,GA,Clinch,H,8,8,174,2,9,253,410,1689.6551,432.3586378,,
347917,650537,GA,Cobb,Ac1a,14,37,36,18,108,765,1486,3394.2853,1753.384012,,
347918,620517,GA,Cobb,Ac1b,14,37,36,9,71,682,1375,2975.2152,1436.740325,,
347919,717407,GA,Cobb,Ac1c,14,37,35,16,83,730,2137,2593.6376,1721.307965,,
347920,677510,GA,Cobb,Ad01,11,32,44,15,46,375,641,1638.1532,854.9752358,,
347921,637000,GA,Cobb,Au1a,6,28,38,11,72,232,1264,1379.3552,1068.915589,,
2155324,1113527,GA,Cobb,Au1b,6,28,38,15,80,164,1218,1306.0319,1090.058345,,
347923,640758,GA,Cobb,Bf02,11,32,44,10,45,416,883,1837.0448,978.442801,,
347924,592412,GA,Cobb,Bf03,11,32,44,4,31,361,647,1297.5786,693.7831761,,
2012660,1082303,GA,Cobb,Bf04,11,32,22,7,41,471,742,2139.7862,1023.095193,,
347925,694118,GA,Cobb,Bg01,11,37,35,2,24,363,703,1312.9342,643.4771897,,
347926,642969,GA,Cobb,Bg02,11,32,22,8,43,422,798,1968.5927,986.6741186,,
347928,682662,GA,Cobb,Bk01,11,37,22,7,67,782,1741,2495.2552,1543.330427,,
347929,594568,GA,Cobb,Br01,6,35,41,13,67,343,1181,1695.284,1104.789594,,
347934,679614,GA,Cobb,Bw01,11,32,44,12,62,418,851,1727.1881,980.0382938,,
347936,586422,GA,Cobb,Ca01,6,35,43,29,173,869,3049,2870.346,2149.082599,,
347938,592475,GA,Cobb,Ch02,11,37,34,15,71,390,597,2280.5259,1039.340732,,
347939,636909,GA,Cobb,Ch03,14,37,34,30,120,553,1028,2995.8755,1603.179701,,
347940,833431,GA,Cobb,Ck01,11,32,35,17,95,747,2239,2673.898,1670.742441,,
347942,648446,GA,Cobb,Cl01,6,33,38,8,61,319,1610,1986.9583,1436.948811,,
347943,695784,GA,Cobb,Cl02,6,28,38,15,94,457,2324,2824.23,2048.035226,,
347945,636929,GA,Cobb,Cr01,11,56,45,13,61,460,542,2276.2153,1087.334984,,
347947,670430,GA,Cobb,Dc01,11,56,45,22,76,455,556,2002.7665,996.1543251,,
347948,717395,GA,Cobb,Di01,6,33,42,3,33,228,991,889.3102,632.6717357,,
2012659,1082304,GA,Cobb,Di02,6,35,42,10,90,473,1693,1409.3912,1032.201956,,
347949,616267,GA,Cobb,Dl01,14,37,34,17,76,467,1053,2125.5203,1199.407677,,
347950,709111,GA,Cobb,Do01,11,56,45,7,50,294,371,1549.9574,754.1168953,,
347951,657111,GA,Cobb,Du01,14,37,36,9,50,636,752,2975.4644,1178.418635,,
347952,717415,GA,Cobb,Dv01,11,56,46,8,42,336,549,1482.2529,761.546853,,
347953,689798,GA,Cobb,Ea01,11,33,45,22,81,497,552,2213.0058,1074.211175,,
347954,636933,GA,Cobb,Ea02,11,33,43,23,93,529,679,2955.4336,1397.073703,,
347956,640787,GA,Cobb,El01,11,32,35,10,77,528,1792,1803.6926,1257.464802,,
347957,657084,GA,Cobb,El02,11,32,37,4,26,342,561,1585.8631,757.3124891,,
347958,632931,GA,Cobb,El03,11,32,44,6,52,403,593,2009.5877,944.8103257,,
347959,657050,GA,Cobb,El04,11,32,37,9,66,425,1040,1624.3011,1003.804339,,
347960,679627,GA,Cobb,El05,11,32,44,11,78,437,592,2015.0067,1069.620515,,
347963,715752,GA,Cobb,Ep01,11,32,35,5,41,380,1060,1437.3955,863.5978735,,
347966,679623,GA,Cobb,Fo02,6,33,41,21,124,607,2387,2635.1051,1871.462852,,
347968,679628,GA,Cobb,Fo04,6,33,41,12,69,494,1870,1761.7291,1190.946451,,
347971,652666,GA,Cobb,Fp01,11,32,45,18,75,612,793,2435.2666,1221.850475,,
347972,660786,GA,Cobb,Fr01,14,37,36,4,49,490,555,2256.9193,905.647857,,
347973,699817,GA,Cobb,Fy01,14,37,36,4,38,366,544,1861.3129,768.7707656,,
347974,642985,GA,Cobb,Gm01,11,56,46,8,51,360,527,2094.5488,1005.135872,,
347975,695787,GA,Cobb,Gt01,11,32,44,15,59,566,870,2448.9018,1189.461553,,
347977,620530,GA,Cobb,Hr01,14,37,34,6,56,429,524,2266.1977,901.0810994,,
347978,642991,GA,Cobb,Ht01,11,56,46,25,101,687,764,3012.3855,1467.901493,,
347979,710833,GA,Cobb,Hy01,14,37,34,11,56,507,704,2652.2906,1089.729109,,
347980,606269,GA,Cobb,Ke1a,11,37,35,3,35,365,868,1277.138,681.6641459,,
347981,648426,GA,Cobb,Ke2a,14,37,34,11,65,694,1242,2236.2811,1219.216833,,
347983,657017,GA,Cobb,Ke3a,11,37,35,21,129,902,2712,3499.6886,2222.788373,,
347984,657041,GA,Cobb,Ke4a,14,37,35,9,75,649,1148,2170.7214,1197.956541,,
347985,684346,GA,Cobb,Ke5a,14,37,35,28,108,1006,2020,3736.8626,2198.36921,,
347987,586389,GA,Cobb,Kl01,11,56,44,4,36,293,380,1345.3293,608.3500532,,
347988,710787,GA,Cobb,Kp01,14,37,34,6,23,248,307,1406.5968,544.9467202,,
347989,654883,GA,Cobb,Kp02,14,37,34,8,72,486,828,2802.3868,1360.584198,,
347990,704521,GA,Cobb,Kp03,14,37,36,10,78,446,563,2882.0968,1107.494874,,
347992,628646,GA,Cobb,La01,11,56,46,15,64,539,690,2522.8474,1173.564013,,
347994,592406,GA,Cobb,Lm01,14,37,19,10,74,409,887,2708.3777,1351.973983,,
347995,586450,GA,Cobb,Lm02,14,37,36,8,67,562,520,2911.6473,1088.360283,,
347996,670431,GA,Cobb,Lm03,14,37,19,29,114,599,1099,3865.4268,1798.97148,,
347997,694136,GA,Cobb,Lm04,14,37,34,5,51,345,487,1830.3102,779.5194541,,
2341781,1143987,GA,Cobb,Ma1a,6,28,39,13,93,240,1734,1848.2637,1549.729427,,
2341806,1143988,GA,Cobb,Ma1b,6,28,39,15,97,150,1530,1515.8653,1316.204535,,
2341795,1143989,GA,Cobb,Ma2a,6,28,39,15,116,259,1586,1721.3531,1443.778224,,
2341803,1143990,GA,Cobb,Ma2b,6,28,39,10,71,145,1562,1288.8,1111.809781,,
348002,1143991,GA,Cobb,Ma3a,6,28,39,13,86,313,1629,1747.6379,1347.581933,,
2341792,1143992,GA,Cobb,Ma3b,6,28,39,13,79,198,1027,1237.2569,975.7367962,,
2341797,1143993,GA,Cobb,Ma3c,6,28,39,22,160,213,1165,1647.1058,1378.867408,,
348003,1143994,GA,Cobb,Ma4a,6,28,39,20,82,325,720,1633.3558,1049.324026,,
2341786,1143995,GA,Cobb,Ma4b,6,28,39,9,65,333,835,1569.1944,946.0459265,,
2341801,1143996,GA,Cobb,Ma4c,6,28,39,39,206,467,1930,3052.8402,2357.660292,,
2341804,1143997,GA,Cobb,Ma5a,6,33,39,27,114,385,1520,2201.0389,1612.451973,,
2341783,1143998,GA,Cobb,Ma5b,6,28,39,24,144,511,2375,2813.859,2100.142318,,
2341802,1143999,GA,Cobb,Ma6a,6,33,41,10,90,298,1904,1874.3739,1486.409184,,
2341782,1144000,GA,Cobb,Ma6b,6,35,41,27,122,384,1641,2304.7435,1689.346497,,
348004,657066,GA,Cobb,Mb01,11,56,46,7,28,231,217,1160.6089,494.0075041,,
348005,657007,GA,Cobb,Mc01,6,33,38,20,94,396,1773,2355.289,1738.901977,,
348007,592419,GA,Cobb,Md01,11,56,45,20,75,619,784,2844.3938,1416.965132,,
348008,586412,GA,Cobb,Me01,6,33,38,16,98,401,1297,2403.072,1598.266208,,
348009,663537,GA,Cobb,Mk01,11,56,44,13,42,244,326,1316.8922,588.9357754,,
810103,620498,GA,Cobb,Ml01,14,37,36,9,46,391,557,2195.1501,904.5565294,,
348010,618416,GA,Cobb,Mr1a,11,33,37,25,94,509,1799,1971.9147,1344.212182,,
348011,616289,GA,Cobb,Mr2a,11,37,34,10,40,253,346,1503.7871,688.4751652,,
348012,628624,GA,Cobb,Mr2b,11,33,37,22,105,486,1467,2569.6167,1501.873681,,
348014,689793,GA,Cobb,Mr3a,11,32,37,29,110,538,1222,2755.0897,1490.377561,,
2023190,1086554,GA,Cobb,Mr3b,11,33,37,8,54,142,870,963.6597,763.832854,,
348016,682694,GA,Cobb,Mr4a,11,32,37,15,39,235,195,1584.9522,545.8790853,,
348017,594621,GA,Cobb,Mr4b,11,32,37,17,74,316,644,1374.6419,772.7574549,,
348018,620544,GA,Cobb,Mr4c,11,37,34,14,61,345,501,2119.1349,927.6492072,,
348020,657086,GA,Cobb,Mr5a,11,33,37,14,79,323,1090,1644.9285,1069.912476,,
348021,626454,GA,Cobb,Mr5b,11,32,35,8,43,294,1264,1097.2673,809.1271827,,
348022,715729,GA,Cobb,Mr6a,11,33,43,5,38,279,986,957.8521,685.7196886,,
348023,616239,GA,Cobb,Mr6b,11,32,37,16,87,459,855,1944.4235,1130.770799,,
348025,640768,GA,Cobb,Mr7a,11,33,43,11,51,283,1395,1164.5308,892.9548077,,
348026,640796,GA,Cobb,Ms01,14,37,36,5,36,463,570,2418.4137,865.1732331,,
348027,677459,GA,Cobb,Ms02,14,37,36,7,40,419,629,1634.8973,781.808773,,
348028,650514,GA,Cobb,Mt01,11,56,45,25,98,618,678,2997.9337,1445.683558,,
348030,614115,GA,Cobb,Mt03,11,33,45,15,78,530,722,2328.8839,1163.97925,,
348031,694149,GA,Cobb,Mt04,11,33,45,14,69,455,461,2189.7797,1030.163475,,
348033,656992,GA,Cobb,Nc01,14,37,36,8,46,282,765,1383.9426,792.3176512,,
348034,626467,GA,Cobb,Nj01,6,35,61,50,255,549,2512,3146.9775,2481.971585,,
348035,650478,GA,Cobb,Np01,6,35,42,14,82,647,1668,2407.232,1549.089118,,
348037,663530,GA,Cobb,Ns01,11,56,44,4,31,319,514,1500.4506,721.8711198,,
348038,630774,GA,Cobb,Ok01,6,35,61,24,139,606,1305,2517.8655,1649.871953,,
348039,670407,GA,Cobb,Or01,14,37,19,6,43,183,301,1151.8987,533.0677999,,
348040,660823,GA,Cobb,Or02,6,33,41,26,129,513,2236,2652.7403,1947.980795,,
348041,586466,GA,Cobb,Or03,11,33,41,13,96,550,2339,2323.2185,1676.76966,,
348042,636952,GA,Cobb,Or04,6,33,41,23,120,516,1945,2569.845,1834.778298,,
348043,650527,GA,Cobb,Or05,14,37,34,18,94,462,1287,2547.815,1555.869319,,
348048,614083,GA,Cobb,Pf01,11,33,43,10,54,565,992,2033.4319,1128.452431,,
348050,614039,GA,Cobb,Pm01,14,37,34,12,57,490,647,2455.5956,1007.949947,,
348051,640741,GA,Cobb,Pm02,11,37,34,7,53,391,405,2282.6693,855.2689199,,
348052,654869,GA,Cobb,Po01,11,56,46,12,55,581,628,2516.8413,1125.374324,,
348053,673722,GA,Cobb,Pp01,11,56,46,16,54,487,592,2154.1984,1049.408263,,
348054,592407,GA,Cobb,Pr01,11,32,22,4,39,370,621,1760.0651,814.9684846,,
348055,694187,GA,Cobb,Ps1a,6,33,38,29,135,443,2117,2783.4472,2108.536008,,
348056,694131,GA,Cobb,Ps2a,6,33,38,18,77,368,1824,2174.9769,1654.198442,,
348057,606255,GA,Cobb,Ps3a,6,33,38,21,115,380,2049,2613.8911,1964.718301,,
348058,694197,GA,Cobb,Pt01,11,32,22,5,39,412,623,1611.8837,782.1516697,,
348059,594582,GA,Cobb,Rm01,11,56,46,12,53,544,674,2311.3933,1092.355353,,
348064,660801,GA,Cobb,Rw01,11,56,45,38,113,811,861,3914.4233,1902.822402,,
348065,670414,GA,Cobb,Rw02,11,56,45,18,74,638,687,2702.9229,1351.445579,,
348066,689760,GA,Cobb,Sa01,11,56,46,7,55,437,706,1978.608,991.3136579,,
348067,614131,GA,Cobb,Sf01,11,56,46,18,68,491,509,2436.5949,1159.305909,,
348068,606260,GA,Cobb,Si01,11,56,46,10,40,330,368,1279.3465,637.4054761,,
348069,652709,GA,Cobb,Sm01,11,32,43,16,61,624,1041,2370.4013,1244.636468,,
348071,636936,GA,Cobb,Sm03,11,33,43,7,62,645,1387,2444.547,1402.270391,,
348074,648447,GA,Cobb,Sn1a,6,35,42,28,146,582,2308,2727.6748,2035.50473,,
348075,616225,GA,Cobb,Sn2a,6,35,42,28,146,706,2679,3030.3823,2295.52706,,
348077,657083,GA,Cobb,Sn3a,6,35,42,19,102,612,1202,2128.1757,1391.956902,,
2012655,1082305,GA,Cobb,Sn3b,6,35,42,23,102,468,908,1909.8942,1195.824559,,
348078,620505,GA,Cobb,Sn4a,6,35,42,49,211,925,1843,4228.7571,2680.928887,,
348079,618400,GA,Cobb,Sn5a,6,35,42,27,116,522,1749,2337.7968,1658.510722,,
348080,679636,GA,Cobb,Sn6a,6,35,42,34,163,903,1611,3678.6038,2271.909402,,
348081,592411,GA,Cobb,Sn7a,6,28,61,63,337,833,2869,4400.513,3327.801031,,
348084,614074,GA,Cobb,So01,11,33,45,9,46,286,332,1584.7705,771.8525287,,
348085,663585,GA,Cobb,So02,11,33,43,30,167,766,1442,3329.6514,1930.672079,,
348086,677452,GA,Cobb,So03,11,33,45,20,69,410,578,1892.5895,885.4440582,,
348088,586460,GA,Cobb,Sw01,6,33,38,6,49,314,1219,1790.553,1164.902923,,
348094,640801,GA,Cobb,Tm01,11,33,43,16,100,631,2136,2635.2722,1767.543103,,
348096,630823,GA,Cobb,Tr01,11,56,45,17,57,435,464,1812.1212,916.5571759,,
348100,657037,GA,Cobb,Va01,14,37,36,10,40,365,500,2083.4324,816.3472159,,
348101,682685,GA,Cobb,Vg01,6,35,60,17,107,567,1543,1960.3004,1325.10523,,
348102,628655,GA,Cobb,Vg02,6,35,61,38,220,843,2646,3546.016,2422.751493,,
348103,642987,GA,Cobb,Vg03,6,35,61,33,171,567,1732,2798.6645,1895.341211,,
348104,679646,GA,Cobb,Vg04,6,35,60,29,94,368,789,2247.971,1107.028841,,
348105,709114,GA,Cobb,Wg01,11,37,22,6,27,359,843,1469.686,804.8473678,,
348106,642971,GA,Cobb,Wg02,11,37,22,6,42,295,733,1236.2841,783.8369297,,
348107,717398,GA,Cobb,Wl01,11,56,46,16,65,484,478,2078.5472,998.7204149,,
348108,620489,GA,Coffee,1,8,19,169,7,60,1223,2696,7935.0805,2496.755139,,
348109,630812,GA,Coffee,2,8,13,169,2,9,156,195,1215.7542,256.8247769,,
348110,632969,GA,Coffee,3,8,13,176,,,19,32,217.312,51.32023237,,
348111,620550,GA,Coffee,4,8,13,169,3,16,164,213,1447.733,324.9685217,,
348112,644663,GA,Coffee,5,8,19,169,,2,131,190,1101.5607,233.9455619,,
348113,695806,GA,Coffee,6,8,19,169,1,1,36,33,612.7952,75.62002694,,
348114,663534,GA,Colquitt,1,8,11,172,4,26,286,1049,1073.8504,655.8321632,,
348125,677436,GA,Colquitt,2,8,11,172,7,32,401,943,2301.2173,768.6544016,,
348130,710805,GA,Colquitt,7,8,11,172,1,6,91,177,790.3829,181.3027684,,
348131,626501,GA,Colquitt,8,8,11,172,1,3,54,62,742.21,104.3310442,,
348132,648418,GA,Colquitt,9,8,11,172,,,14,40,150.3033,35.75061296,,
348115,670392,GA,Colquitt,10,8,11,172,,16,39,120,346.7841,99.27571831,,
348116,586485,GA,Colquitt,11,8,11,172,,1,43,84,632.8106,109.3712766,,
348117,642995,GA,Colquitt,12,8,11,172,,1,31,32,473.3884,63.39256166,,
348118,663520,GA,Colquitt,13,8,11,172,,1,9,6,287.5827,28.99671435,,
348119,618396,GA,Colquitt,14,8,11,172,,7,85,114,911.2855,157.0176174,,
348120,657058,GA,Colquitt,15,8,11,172,,,53,99,550.9061,106.6730781,,
348121,684349,GA,Colquitt,16,8,11,172,,1,12,21,250.8486,32.85591727,,
348122,648422,GA,Colquitt,17,8,11,172,1,6,68,136,872.907,157.6712437,,
348123,636907,GA,Colquitt,18,8,11,172,1,3,33,49,642.9271,102.6423384,,
348124,630794,GA,Colquitt,19,8,11,172,1,10,129,275,1262.3476,280.4387426,,
348126,721736,GA,Colquitt,20,8,11,172,,1,30,58,470.2519,81.32521768,,
348127,660775,GA,Colquitt,21,8,11,172,,,12,12,160.446,20.62083919,,
348128,594614,GA,Colquitt,22,8,11,172,,,22,13,306.5504,41.28336502,,
348129,592481,GA,Colquitt,23,8,11,172,,2,36,37,557.623,71.97708389,,
348133,682699,GA,Columbia,10,12,24,125,,17,135,225,2114.4733,402.5936376,,
2329894,1142652,GA,Columbia,13,12,23,131,4,13,198,510,895.2466,411.5287506,,
2155316,1113529,GA,Columbia,14,12,24,131,2,18,234,614,1073.9989,496.8211045,,
348152,680360,GA,Columbia,15,12,24,131,16,54,492,1076,2758.0649,1131.58229,,
348153,670415,GA,Columbia,16,12,23,125,3,13,111,264,920.5042,284.2312482,,
1701079,946320,GA,Columbia,17,12,24,131,7,23,208,406,1337.4918,499.3883793,,
1937040,1063640,GA,Columbia,18,12,23,131,1,4,72,183,451.3517,179.7039973,,
2155319,1113530,GA,Columbia,19,12,23,131,6,32,356,1066,1387.1394,819.9351383,,
348154,694172,GA,Columbia,20,12,23,125,2,13,178,443,1469.3277,440.2598933,,
2006551,1079412,GA,Columbia,22,12,23,125,2,12,183,531,1171.2815,479.9642686,,
2006550,1079413,GA,Columbia,24,12,23,125,,6,82,178,976.373,214.6237896,,
348156,586417,GA,Columbia,25,12,23,125,13,71,677,1760,3144.8869,1447.102839,,
348158,663526,GA,Columbia,30,12,23,125,4,31,459,1490,2235.3709,1153.532613,,
348159,628662,GA,Columbia,31,12,23,125,12,39,309,1106,1281.9652,774.1796358,,
348160,689758,GA,Columbia,32,12,23,125,1,13,163,495,1101.6365,432.7307861,,
348161,650559,GA,Columbia,33,12,23,125,3,19,272,938,1130.2049,668.7556776,,
1854545,1000458,GA,Columbia,34,12,23,125,2,22,214,851,1029.2284,560.92766,,
348162,586438,GA,Columbia,40,12,24,125,1,10,79,150,920.3985,202.3059137,,
1701158,670409,GA,Columbia,50,12,24,123,2,4,77,240,479.8154,204.4480359,,
348164,663523,GA,Columbia,51,12,24,123,,3,31,57,780.427,120.2873954,,
348165,668725,GA,Columbia,60,12,24,131,5,27,202,448,1331.7842,462.8248627,,
1701159,682671,GA,Columbia,62,12,24,125,7,42,382,692,1966.6307,766.5308482,,
348169,626478,GA,Columbia,64,12,24,131,18,76,692,1201,4547.9205,1598.998472,,
1701160,710798,GA,Columbia,65,12,24,131,4,30,317,681,2527.3712,771.923647,,
2155320,1113531,GA,Columbia,68,12,24,125,11,36,261,411,1716.004,575.0688953,,
348173,586444,GA,Columbia,75,12,23,125,5,30,190,465,1433.2777,552.9440724,,
348174,652675,GA,Columbia,76,12,23,127,6,22,263,711,1548.8841,611.4555789,,
348176,721722,GA,Columbia,85,12,23,127,3,27,248,613,1989.7707,625.2391693,,
348177,640829,GA,Columbia,90,12,24,127,6,26,236,536,2069.3091,632.6951159,,
348134,644648,GA,Columbia,100,12,24,127,2,17,196,454,1244.7275,438.6074854,,
348137,620512,GA,Columbia,107,12,24,127,11,32,283,488,1671.7348,663.6258684,,
1701161,682682,GA,Columbia,108,12,24,127,6,22,162,310,1211.6178,421.3331541,,
348139,586486,GA,Columbia,109,12,24,127,13,44,391,538,3077.2238,932.8163077,,
348140,677505,GA,Columbia,110,12,24,127,3,7,92,274,613.945,237.2371906,,
348142,636937,GA,Columbia,115,12,24,127,4,17,180,420,968.1936,393.6618921,,
348144,695782,GA,Columbia,125,12,24,127,3,17,190,502,1223.8828,468.3839865,,
348145,650558,GA,Columbia,130,12,24,131,,21,164,407,1439.8849,449.4650342,,
1701162,670411,GA,Columbia,131,12,24,131,13,29,227,350,1927.7599,542.8951879,,
348147,660762,GA,Columbia,132,12,24,131,6,17,154,308,1495.3645,435.4924861,,
348148,677491,GA,Columbia,134,12,24,131,6,23,208,362,1330.8374,464.158869,,
348149,715740,GA,Columbia,135,12,24,127,3,12,162,250,1365.4684,393.3750353,,
348150,702856,GA,Columbia,136,12,24,131,9,31,328,835,2242.5223,830.3510726,,
348151,679620,GA,Columbia,137,12,24,131,9,29,185,378,1398.753,457.5681033,,
348178,702847,GA,Cook,C,8,11,172,4,12,142,380,951.9134,352.0155003,,
348179,682684,GA,Cook,Db,8,11,170,1,10,196,363,1414.1926,340.4073826,,
348180,717396,GA,Cook,Ep,8,11,172,1,8,44,198,205.9224,163.9165584,,
348181,680362,GA,Cook,L,8,11,170,,2,67,132,731.4906,154.2701911,,
348182,694134,GA,Cook,M,8,11,170,1,5,52,97,530.5171,113.6768095,,
348183,614090,GA,Cook,Nl,8,11,172,,,61,64,746.1061,117.1533723,,
348184,586443,GA,Cook,Rb,8,11,172,1,1,61,87,789.1353,120.821586,,
348185,694129,GA,Cook,S,8,11,172,,5,93,352,422.6225,219.5858414,,
348186,650475,GA,Coweta,1,3,6,136,10,53,419,710,4732.3743,1239.316807,,
348197,710785,GA,Coweta,2,3,6,136,3,12,143,232,2080.0833,449.6104712,,
348207,715750,GA,Coweta,3,3,6,136,2,12,124,191,1601.5769,341.0443403,,
348208,630786,GA,Coweta,4,3,6,70,,7,48,63,589.936,128.0726167,,
348209,650566,GA,Coweta,5,3,6,70,14,38,302,1067,1682.4103,899.0055766,,
348210,594550,GA,Coweta,6,3,6,73,5,28,235,428,3205.9002,789.0987371,,
348213,660803,GA,Coweta,9,3,6,136,2,15,210,459,1455.3176,483.6696977,,
348187,680383,GA,Coweta,10,3,6,136,,7,132,229,1682.2314,382.2030932,,
348188,637005,GA,Coweta,11,3,6,70,5,15,184,337,2109.7066,495.1607707,,
348189,640765,GA,Coweta,12,3,6,70,4,18,197,405,1841.2796,513.3038626,,
348190,592452,GA,Coweta,13,3,6,70,6,23,173,371,1978.2959,536.1954618,,
348191,650494,GA,Coweta,14,3,6,136,9,41,389,613,3851.022,1014.251531,,
348192,636982,GA,Coweta,15,3,6,70,3,18,201,698,1419.9276,615.9391515,,
348194,616230,GA,Coweta,17,3,6,70,12,67,544,1668,2186.7919,1249.40438,,
348195,717423,GA,Coweta,18,3,6,73,61,294,2203,5272,12551.1471,5429.637557,,
348196,654824,GA,Coweta,19,3,6,70,8,33,241,635,1744.6383,662.438485,,
348198,721749,GA,Coweta,20,3,6,70,3,14,144,284,1287.7377,352.9575241,,
348199,636991,GA,Coweta,21,3,6,73,8,56,334,594,2880.0218,932.9653845,,
348200,689763,GA,Coweta,22,3,6,65,35,135,815,1503,7523.3099,2415.040383,,
348201,650466,GA,Coweta,23,3,6,67,14,86,472,761,5409.1049,1535.132743,,
348202,618414,GA,Coweta,24,3,6,70,1,8,84,355,497.7912,304.0453799,,
348203,684362,GA,Coweta,25,3,6,70,4,23,183,370,1547.9147,515.4043714,,
348204,614088,GA,Coweta,26,3,6,67,12,39,281,462,3284.65,912.3525949,,
348205,652681,GA,Coweta,27,3,6,73,2,21,98,173,1398.7687,372.2568131,,
2155296,1113532,GA,Crawford,1,2,18,134,,9,127,494,985.7116,495.4357203,,
348216,673717,GA,Crawford,2,2,18,134,,5,126,281,1116.3612,334.218032,,
348217,665737,GA,Crawford,3,2,18,134,1,5,76,81,909.2355,147.6441031,,
348218,632906,GA,Crawford,4,2,18,134,1,7,75,84,1103.6996,184.5125088,,
348219,670397,GA,Crawford,5,2,18,134,,6,46,71,975.3744,163.2829468,,
348220,833637,GA,Crisp,Arabi,8,13,148,,2,42,99,467.0917,117.6456589,,
348221,833430,GA,Crisp,Coney,8,13,148,1,5,43,39,666.5319,112.8834187,,
348222,636993,GA,Crisp,Corde,8,13,148,12,92,536,2482,3977.7871,1899.027297,,
348224,620525,GA,Crisp,James,8,13,148,,1,54,47,867.0574,145.9749343,,
348225,652738,GA,Crisp,Listo,8,13,148,,2,16,20,511.3625,69.44225114,,
348226,630790,GA,Dade,1038,14,53,1,,3,36,33,573.7439,89.76828086,,
348227,636956,GA,Dade,1214,14,53,1,2,11,52,55,881.7738,164.9133765,,
348228,640736,GA,Dade,1222,14,53,1,4,5,85,61,1184.0425,184.4336531,,
348229,626503,GA,Dade,1885,14,53,1,,1,33,21,430.3726,75.12907491,,
348230,592439,GA,Dade,1889,14,53,1,,3,45,39,753.7555,134.9454116,,
348231,616280,GA,Dade,960,14,53,1,2,13,94,73,1601.5861,245.1520448,,
348232,594608,GA,Dade,974,14,53,1,,7,83,88,1032.1093,202.8397593,,
1701163,717424,GA,Dawson,1,7,51,9,10,46,217,238,4237.2569,675.3848622,,
1701164,694141,GA,Dawson,2,7,51,9,7,21,202,246,3542.0885,581.7530516,,
1701165,677495,GA,Dawson,3,7,51,9,10,30,255,274,4385.2998,756.749675,,
2341800,1144001,GA,Dawson,4,7,51,9,8,33,323,497,3765.7526,744.4658722,,
348255,677450,GA,DeKalb,Aa,4,41,86,24,97,133,1134,1464.7592,1281.746211,,
348256,679630,GA,DeKalb,Ab,5,40,83,21,77,577,665,1803.6301,1127.186976,,
348258,644651,GA,DeKalb,Ad,4,40,80,28,92,592,508,2011.8217,1148.719892,,
348259,648442,GA,DeKalb,Ae,5,10,85,85,306,348,788,2523.1964,2100.36076,,
810108,465200,GA,DeKalb,Af,4,41,84,12,96,97,1288,1621.2772,1479.361388,,
348260,668744,GA,DeKalb,Ag,4,40,52,27,107,645,833,2226.6939,1414.298568,,
911192,833533,GA,DeKalb,Ah,4,40,52,33,133,745,1229,2278.4594,1537.374652,,
1179253,614092,GA,DeKalb,Ai,5,10,84,78,274,188,926,2186.6589,1932.589852,,
348263,652708,GA,DeKalb,Bb,5,44,89,132,422,317,1621,3309.8333,2950.669496,,
348264,626524,GA,DeKalb,Bc,5,41,101,34,133,306,1274,1749.7852,1465.866666,,
348265,636966,GA,DeKalb,Bd,5,41,101,20,79,279,463,1311.2273,950.8789206,,
348266,618411,GA,DeKalb,Be,5,41,83,12,70,483,1047,1440.6036,1041.343548,,
348267,650472,GA,DeKalb,Bf,4,55,87,22,94,299,846,1574.399,1180.861547,,
348268,592422,GA,DeKalb,Bg,5,41,101,39,121,536,1221,1957.1655,1479.434211,,
348269,710828,GA,DeKalb,Bh,4,41,87,28,125,233,909,1626.9258,1242.981886,,
348270,689751,GA,DeKalb,Bi,5,40,83,27,97,773,1084,2154.0706,1456.292881,,
348271,614065,GA,DeKalb,Bj,4,10,115,27,162,65,1290,2146.8101,2006.644784,,
810111,594595,GA,DeKalb,Bl,5,44,90,11,60,44,699,1099.4174,1018.57426,,
348272,710784,GA,DeKalb,Bm,4,41,84,30,165,126,1651,2068.8694,1885.104804,,
348273,717420,GA,DeKalb,Br,5,44,90,80,293,230,1235,2352.7951,2108.720046,,
348274,648448,GA,DeKalb,Ca,4,10,84,12,47,44,673,990.0525,908.3517229,,
348275,652728,GA,DeKalb,Cb,4,10,84,10,64,70,720,939.0027,846.4193362,,
348276,650482,GA,DeKalb,Cc,4,10,89,8,29,22,321,442.919,407.2238209,,
348277,620534,GA,DeKalb,Cd,4,44,116,26,141,74,1332,2078.5838,1932.43682,,
348278,668730,GA,DeKalb,Ce,4,40,83,13,102,429,1176,1634.711,1206.472646,,
810113,695797,GA,DeKalb,Cf,4,10,91,15,111,102,1717,2062.2492,1851.386258,,
348279,654820,GA,DeKalb,Cg,4,10,115,17,107,79,1076,1724.3646,1591.939035,,
348280,650564,GA,DeKalb,Ch,4,40,80,20,79,242,797,1227.832,939.0424859,,
348281,636916,GA,DeKalb,Ci,5,44,84,102,334,233,997,2627.825,2291.028171,,
348282,717390,GA,DeKalb,Cj,5,10,86,61,198,268,1295,1954.2126,1647.120616,,
348283,616292,GA,DeKalb,Ck,4,41,86,18,83,130,1422,1222.8212,1082.454461,,
348284,640754,GA,DeKalb,Cl,4,44,90,5,39,33,615,846.8246,777.5640423,,
348285,657079,GA,DeKalb,Cm,4,10,89,11,55,30,642,797.1815,739.81452,,
810114,618423,GA,DeKalb,Cn,5,44,90,89,330,247,1530,2547.4176,2281.190756,,
348286,657108,GA,DeKalb,Co,5,41,83,25,87,379,974,1399.0262,1031.649785,,
348287,654813,GA,DeKalb,Cp,4,41,86,14,84,66,983,1422.04,1306.006661,,
348288,656997,GA,DeKalb,Cq,5,10,89,34,143,172,1170,1599.1484,1428.755822,,
348289,656976,GA,DeKalb,Cr,4,44,90,7,44,22,610,734.3887,675.6840503,,
348290,657099,GA,DeKalb,Cs,13,44,116,16,125,73,1459,2237.0097,2084.632448,,
348291,668741,GA,DeKalb,Ct,4,41,85,4,10,8,141,136.2327,124.5788007,,
348292,418926,GA,DeKalb,Cu,5,10,85,24,120,108,877,1093.4483,970.2118107,,
348293,721761,GA,DeKalb,Cv,5,44,84,127,347,249,964,2394.0736,2070.594997,,
348294,695819,GA,DeKalb,Cw,5,10,86,64,219,491,999,2444.6546,1936.30409,,
1811001,990208,GA,DeKalb,Cx,5,44,90,184,498,276,1187,3285.2808,2898.116016,,
1996018,1073338,GA,DeKalb,Cy,4,41,85,15,75,143,985,1020.1105,879.9865801,,
1854546,1000459,GA,DeKalb,Cz,4,40,83,24,103,661,1205,2096.7199,1468.031695,,
348295,594552,GA,DeKalb,Da,4,40,80,16,90,380,1514,1460.3584,1113.037827,,
348296,657011,GA,DeKalb,Db,4,40,80,6,34,141,445,682.0595,519.2423831,,
348297,648441,GA,DeKalb,Dc,4,40,83,14,121,616,1908,2452.7962,1868.128706,,
1996020,1073339,GA,DeKalb,Dd,5,44,89,83,226,104,568,1488.0005,1339.865104,,
348298,677443,GA,DeKalb,De,4,41,85,16,70,77,829,1110.4916,977.463801,,
348299,656972,GA,DeKalb,Df,4,40,52,32,118,599,1354,1884.0629,1363.559963,,
348300,586452,GA,DeKalb,Dg,4,40,80,32,92,457,465,1585.7106,982.2359807,,
348301,715743,GA,DeKalb,Dh,5,44,89,54,202,198,1388,1629.3765,1382.914044,,
348302,668720,GA,DeKalb,Di,4,40,80,27,82,561,528,1978.9434,1089.450227,,
348303,650503,GA,DeKalb,Ea,5,44,89,73,311,222,1373,2739.487,2439.003987,,
348305,586472,GA,DeKalb,Ec,4,40,87,23,74,244,507,1111.1981,811.8222392,,
348307,592466,GA,DeKalb,Ef,4,40,87,38,126,411,1017,2032.2783,1492.69456,,
348308,657008,GA,DeKalb,Eg,5,44,90,58,179,338,1303,1945.9649,1627.133017,,
348309,630793,GA,DeKalb,Er,5,44,89,30,82,91,1677,1002.8172,868.3093278,,
348310,684370,GA,DeKalb,Fa,4,41,91,14,101,66,1667,1809.2861,1674.507299,,
348311,689787,GA,DeKalb,Fb,5,44,89,79,233,271,546,1709.823,1420.01965,,
348312,652713,GA,DeKalb,Fc,4,44,90,12,57,56,706,981.4794,903.8227913,,
348314,626521,GA,DeKalb,Fe,4,10,115,23,150,77,1018,1853.5581,1723.280504,,
810122,640803,GA,DeKalb,Fg,4,10,91,19,118,83,1267,1777.4358,1641.44675,,
348315,620509,GA,DeKalb,Fj,4,44,90,9,52,49,678,925.7429,855.7397579,,
348316,632926,GA,DeKalb,Fk,13,10,115,7,54,40,715,1014.3414,941.6083904,,
348317,650565,GA,DeKalb,Fl,4,10,116,11,57,62,886,1036.2838,946.4001544,,
348318,677511,GA,DeKalb,Fm,4,41,87,13,100,94,976,1323.333,1180.91882,,
348319,614079,GA,DeKalb,Ga,5,44,84,72,265,189,1161,2033.9389,1789.464209,,
348320,709118,GA,DeKalb,Gb,4,41,85,7,34,72,731,849.953,755.7273599,,
348321,630820,GA,DeKalb,Gc,5,44,90,28,143,139,1156,1751.5769,1595.543054,,
348322,656974,GA,DeKalb,Gd,4,40,52,19,89,672,1700,2261.6019,1628.422432,,
1572183,922976,GA,DeKalb,Gf,4,41,85,9,60,72,755,925.6968,837.2435387,,
348324,652730,GA,DeKalb,Ha,4,41,87,22,90,160,1526,1691.7806,1475.232072,,
348325,710830,GA,DeKalb,Hb,4,40,101,33,138,382,1202,2028.3255,1589.124128,,
348326,592438,GA,DeKalb,Hc,4,40,101,34,126,398,997,1935.3458,1468.167822,,
348329,650481,GA,DeKalb,Hf,4,40,80,19,73,404,1309,1793.7206,1402.318513,,
348330,654814,GA,DeKalb,Hg,4,55,88,37,101,204,452,1302.6573,918.6092606,,
810126,668707,GA,DeKalb,Hh,13,10,116,23,130,57,1300,2025.6243,1892.115725,,
810127,592476,GA,DeKalb,Hi,5,41,101,8,49,113,692,824.6739,696.2474144,,
348331,695814,GA,DeKalb,Ia,4,41,87,20,81,172,1046,1229.6589,1016.38502,,
348332,663536,GA,DeKalb,Ib,4,41,85,14,62,162,907,804.4532,685.0346131,,
348334,660761,GA,DeKalb,Ja,5,44,90,48,142,245,514,1202.4026,959.9376496,,
348335,594603,GA,DeKalb,Jb,4,41,86,11,100,244,1528,1601.0869,1344.228966,,
348337,704528,GA,DeKalb,Ka,4,44,89,17,78,70,949,1333.3807,1219.522545,,
348338,650539,GA,DeKalb,Kb,4,40,80,26,92,470,448,1910.1858,1110.678158,,
348339,679649,GA,DeKalb,Kc,4,10,115,10,70,42,408,729.3231,668.2895725,,
348340,636918,GA,DeKalb,Ke,5,10,84,17,102,99,806,1235.355,1118.308771,,
1771372,976466,GA,DeKalb,Kg,4,40,52,32,108,488,508,1689.9861,1092.998734,,
348342,660790,GA,DeKalb,La,5,41,101,52,172,513,820,2299.8182,1692.413272,,
348343,640825,GA,DeKalb,Lb,5,10,86,36,129,321,881,1483.5724,1174.368865,,
810136,657093,GA,DeKalb,Lc,5,41,101,29,118,307,1389,1553.4318,1263.46943,,
348344,668728,GA,DeKalb,Ld,4,43,93,6,31,34,566,599.0353,540.0896624,,
810137,663533,GA,DeKalb,Le,5,44,90,90,259,253,1109,2096.6351,1815.09825,,
348345,663551,GA,DeKalb,Lh,4,55,94,10,78,71,1247,1440.6702,1325.195706,,
348346,833419,GA,DeKalb,Lv,4,55,87,17,57,206,332,906.1422,638.5800797,,
348347,677475,GA,DeKalb,Ma,4,41,87,19,95,74,1081,1485.7481,1358.368434,,
348348,352312,GA,DeKalb,Mb,5,44,90,54,221,222,1444,2416.2926,2188.776489,,
348349,648403,GA,DeKalb,Mc,4,55,93,23,86,51,1546,1729.4194,1601.400415,,
348350,367990,GA,DeKalb,Md,5,44,89,17,83,96,1023,1394.0006,1266.109253,,
348351,663559,GA,DeKalb,Me,5,10,85,48,171,262,1197,2040.7642,1723.865438,,
348352,657053,GA,DeKalb,Mf,4,41,91,15,105,55,864,1364.2556,1267.320235,,
348353,694150,GA,DeKalb,Mg,5,10,85,53,180,222,844,1796.6166,1527.534579,,
348354,702842,GA,DeKalb,Mh,4,55,87,19,107,422,692,2062.5328,1406.388591,,
348355,689765,GA,DeKalb,Mi,4,41,84,15,111,113,1763,1774.9657,1618.319308,,
348356,677481,GA,DeKalb,Mj,5,41,83,9,48,79,794,710.4539,619.5781203,,
348357,614094,GA,DeKalb,Mk,4,41,86,25,99,200,1008,1505.4948,1239.545414,,
348358,677444,GA,DeKalb,Ml,5,44,90,8,97,83,1050,1614.6226,1486.285885,,
348360,620502,GA,DeKalb,Mn,4,41,86,13,65,63,984,926.3873,823.4589109,,
348361,592448,GA,DeKalb,Mo,5,10,84,23,95,107,896,1254.388,1126.67358,,
348362,636970,GA,DeKalb,Mp,5,44,89,41,115,75,599,1023.1786,933.0590162,,
348363,668708,GA,DeKalb,Mq,4,40,80,24,90,597,531,2041.6497,1219.272097,,
348364,650552,GA,DeKalb,Mr,4,10,89,27,101,73,930,1618.7615,1490.169547,,
348365,586420,GA,DeKalb,Ms,4,40,80,31,85,527,645,1732.9474,1129.080219,,
348366,592464,GA,DeKalb,Mt,5,44,90,56,218,174,1171,2191.4965,1972.52815,,
348367,636967,GA,DeKalb,Mu,4,40,52,18,93,513,700,1865.3312,1229.821103,,
348368,710755,GA,DeKalb,Mv,4,10,91,16,78,66,654,1190.6152,1091.500505,,
348369,642994,GA,DeKalb,Mw,4,40,87,14,71,108,632,920.5492,762.2481755,,
810139,586481,GA,DeKalb,Mz,4,55,93,15,101,47,1080,1287.7625,1193.528277,,
348373,637004,GA,DeKalb,Nb,5,10,85,16,82,105,787,1015.7694,886.7823682,,
348374,694163,GA,DeKalb,Nc,4,55,87,18,85,87,879,1025.2594,905.9338095,,
348375,721741,GA,DeKalb,Nd,5,41,86,19,89,224,421,1093.2808,853.1782521,,
348376,628674,GA,DeKalb,Nf,4,40,80,10,40,215,604,898.1973,648.7600226,,
348378,616254,GA,DeKalb,Oa,5,41,101,35,114,446,735,1689.6026,1266.624417,,
348379,652726,GA,DeKalb,Ob,4,40,80,8,21,214,853,806.4519,615.3554564,,
348380,668743,GA,DeKalb,Ok,5,44,89,103,273,140,767,1934.0397,1733.258958,,
348381,618430,GA,DeKalb,Ov,4,10,116,26,143,83,1565,2187.9022,2031.817507,,
348382,721740,GA,DeKalb,Pa,4,10,84,15,83,113,742,1017.7187,903.6866807,,
348383,640822,GA,DeKalb,Pb,4,40,80,21,119,388,1331,1844.3463,1399.986311,,
810145,684340,GA,DeKalb,Pc,4,55,94,13,71,39,830,1199.7967,1107.333867,,
348384,620526,GA,DeKalb,Pe,4,41,87,19,66,39,212,381.1918,333.1121152,,
348385,660824,GA,DeKalb,Pf,4,40,101,13,79,249,1429,1448.4564,1189.435458,,
348386,680380,GA,DeKalb,Pg,5,44,89,104,243,255,1629,2317.4507,2029.300108,,
348387,654850,GA,DeKalb,Ph,4,41,88,14,62,47,519,779.2433,702.623783,,
348388,618434,GA,DeKalb,Pi,4,41,85,4,40,41,732,826.8221,759.0818991,,
348390,614077,GA,DeKalb,Pn,5,44,90,19,70,73,424,677.4278,608.4184184,,
348391,640815,GA,DeKalb,Pr,4,55,93,19,97,62,1027,1440.1023,1338.82953,,
348392,657046,GA,DeKalb,Ra,4,10,89,22,128,75,1153,1861.6095,1722.977135,,
348393,663538,GA,DeKalb,Rc,4,55,88,18,103,56,1096,1556.5444,1446.68179,,
348394,660749,GA,DeKalb,Rd,5,41,86,9,26,123,235,541.7165,404.4793518,,
348395,616228,GA,DeKalb,Re,4,41,87,20,79,94,1186,1238.1289,1098.508301,,
348396,657081,GA,DeKalb,Rf,4,55,95,17,90,71,1262,1479.8836,1349.26214,,
348397,657068,GA,DeKalb,Rg,4,41,85,6,53,45,616,802.6688,718.8869693,,
348398,663542,GA,DeKalb,Rh,4,55,94,17,97,84,1471,1903.481,1764.191878,,
348399,657113,GA,DeKalb,Ri,4,55,94,42,194,98,1415,2294.946,2112.257997,,
348400,652697,GA,DeKalb,Rj,4,41,86,13,80,63,740,1035.0651,935.3950857,,
348401,673720,GA,DeKalb,Rk,4,55,88,13,70,74,1025,1258.0451,1145.694227,,
348402,628669,GA,DeKalb,Rl,4,43,95,24,139,125,2000,2532.9474,2281.938587,,
348403,652677,GA,DeKalb,Rm,4,41,88,10,82,66,889,1251.987,1142.644459,,
348405,640733,GA,DeKalb,Sa,5,41,101,53,179,552,742,2353.148,1808.026845,,
348406,586427,GA,DeKalb,Sb,5,10,84,49,172,188,811,1712.9648,1474.213734,,
348407,680393,GA,DeKalb,Sc,5,10,85,39,154,148,1125,1695.9436,1509.704883,,
810150,630802,GA,DeKalb,Sd,4,55,88,10,52,109,782,967.397,820.6344158,,
348408,660792,GA,DeKalb,Se,5,40,83,40,152,1107,1853,2945.7563,1957.930273,,
348409,660718,GA,DeKalb,Sf,5,40,83,24,77,526,704,1454.1063,950.8996191,,
348410,630799,GA,DeKalb,Sg,4,10,84,12,84,60,561,1044.8025,964.8297697,,
348411,648419,GA,DeKalb,Sh,4,55,88,25,92,229,481,1567.972,1095.882436,,
810151,682717,GA,DeKalb,Si,4,55,88,7,68,85,1083,946.7537,826.4779753,,
348412,694173,GA,DeKalb,Sj,4,55,88,4,41,83,1136,963.9133,861.7258539,,
348413,606258,GA,DeKalb,Sk,4,55,88,38,203,78,1390,2393.442,2225.778284,,
348414,626470,GA,DeKalb,Sl,4,43,93,7,41,49,838,830.42,749.6847569,,
348415,642988,GA,DeKalb,Sm,4,10,115,35,173,113,1504,2321.8479,2139.089231,,
348416,680371,GA,DeKalb,Sn,5,10,86,36,101,187,489,1169.1838,972.6925022,,
348417,606278,GA,DeKalb,So,4,55,95,23,111,72,1248,1598.9584,1473.756766,,
348418,704512,GA,DeKalb,Sp,4,55,88,10,78,105,1073,1264.1649,1113.882468,,
348419,626459,GA,DeKalb,Sq,4,55,88,17,55,88,623,775.0071,637.4913386,,
348420,656971,GA,DeKalb,Sr,4,10,84,13,54,81,962,1105.5059,990.8492211,,
348421,657103,GA,DeKalb,Ss,4,10,91,17,86,38,634,1076.5348,993.6746763,,
348422,710780,GA,DeKalb,St,4,55,94,15,136,105,1505,1985.4289,1799.637051,,
348423,616235,GA,DeKalb,Su,4,41,87,24,93,67,1106,1527.5124,1399.908964,,
348424,710795,GA,DeKalb,Sv,4,55,88,22,121,108,1357,1871.0202,1705.376246,,
1986595,1071357,GA,DeKalb,Sw,4,43,91,24,151,72,1635,2127.1833,1966.93261,,
1992256,1073042,GA,DeKalb,Sy,13,10,115,35,216,94,1835,3100.8848,2892.77043,,
348425,594587,GA,DeKalb,Ta,5,44,90,27,127,143,1265,1675.9492,1506.782029,,
348427,618427,GA,DeKalb,Tc,4,10,89,8,51,41,578,782.3588,713.9384925,,
348428,628665,GA,DeKalb,Tf,4,55,88,41,137,485,1146,2439.9086,1756.76423,,
348429,677439,GA,DeKalb,Tg,4,40,80,20,54,318,396,1178.7909,739.4259247,,
348430,586419,GA,DeKalb,Th,4,55,87,33,126,320,1010,1862.9308,1427.393763,,
348431,606256,GA,DeKalb,Vb,5,41,85,29,120,245,694,1435.0627,1140.022748,,
348432,695805,GA,DeKalb,Wa,4,10,89,11,79,85,1006,1422.2804,1304.707227,,
348433,630806,GA,DeKalb,Wb,4,10,115,29,137,99,961,1691.336,1549.083883,,
348434,632945,GA,DeKalb,Wd,4,55,91,17,80,55,1179,1417.3605,1297.708179,,
348436,640804,GA,DeKalb,Wf,5,44,84,71,246,120,559,1656.6154,1485.051648,,
348437,586440,GA,DeKalb,Wg,4,41,86,13,106,80,1281,1657.0056,1520.637706,,
348438,665726,GA,DeKalb,Wi,4,40,101,7,38,140,450,673.0501,516.50897,,
348439,715730,GA,DeKalb,Wj,5,41,83,19,125,217,1326,1504.1395,1241.941188,,
348440,654843,GA,DeKalb,Wk,4,41,86,12,55,55,926,1035.5912,948.9970228,,
348441,648430,GA,DeKalb,Wl,4,40,80,10,53,242,340,1012.1264,659.6585281,,
348442,650554,GA,DeKalb,Wn,4,55,94,44,192,144,1337,2479.4724,2097.953145,,
810158,650518,GA,DeKalb,Ya,4,41,85,11,68,40,599,1008.9743,934.5468654,,
1701166,677456,GA,Decatur,1277,2,11,171,,3,31,41,373.711,65.71541319,,
348244,620557,GA,Decatur,1325,2,11,171,,,57,65,460.0265,96.2755265,,
348245,616245,GA,Decatur,1342,2,11,171,,1,58,80,343.6907,93.44512252,,
348246,657107,GA,Decatur,1361,2,11,171,,6,68,128,632.5142,147.7765217,,
348248,626460,GA,Decatur,1613,2,11,171,,14,83,112,527.5472,133.9314062,,
348250,689768,GA,Decatur,1805,2,11,171,2,66,201,596,1065.6973,455.3907504,,
348251,626494,GA,Decatur,513,2,11,171,4,59,223,624,936.4804,435.2519288,,
348252,689777,GA,Decatur,514,2,11,171,1,82,321,909,1547.5488,705.212014,,
348253,710819,GA,Decatur,694,2,11,171,,19,184,608,917.036,517.6940731,,
2155321,1113533,GA,Decatur,914,2,11,171,2,170,404,742,2062.1003,701.0932324,,
348443,1152082,GA,Dodge,Chauncey,8,20,133,1,3,54,121,638.3324,129.361368,,
2500636,1152083,GA,Dodge,Chester,8,20,133,,3,60,82,475.3726,94.81069469,,
2500657,1152084,GA,Dodge,Eastman,8,20,133,3,26,489,1046,2765.0511,858.7596921,,
2500640,1152085,GA,Dodge,Gresston,8,20,133,2,9,135,248,1225.3714,312.5857312,,
348451,833615,GA,Dodge,Milan,8,20,133,,1,15,32,202.5438,41.93371372,,
348454,1152086,GA,Dodge,Plainfield,8,20,133,,,36,38,580.3364,78.5522628,,
2500666,1152087,GA,Dodge,Rhine,8,20,133,,1,66,94,724.1791,133.5497453,,
348460,710786,GA,Dooly,2,2,20,150,,7,60,175,367.3739,169.4289267,,
348461,660755,GA,Dooly,5,2,20,150,2,10,141,462,963.3633,458.1143895,,
348462,616269,GA,Dooly,7,2,20,150,1,24,213,725,1510.5285,720.1287377,,
348463,594569,GA,Dooly,8,2,20,150,,5,36,87,326.0298,96.24120278,,
348459,670390,GA,Dooly,10,2,20,150,,5,77,173,358.4239,180.2985135,,
348464,663525,GA,Dougherty,1,2,12,153,5,49,236,1184,1395.3151,952.9589882,,
348473,636913,GA,Dougherty,2,2,12,153,3,19,184,832,1061.1374,657.8019879,,
348484,721729,GA,Dougherty,3,2,12,153,19,80,391,1084,2507.0993,1481.604715,,
348487,657064,GA,Dougherty,4,2,12,153,19,96,428,1787,2957.5275,1891.994332,,
348488,710807,GA,Dougherty,5,2,12,153,9,44,202,779,1324.8322,814.3512042,,
348489,657036,GA,Dougherty,6,2,12,151,14,70,229,1826,1915.5757,1480.634451,,
348490,946322,GA,Dougherty,7,2,12,154,13,81,118,1419,1424.9445,1244.54894,,
348491,586395,GA,Dougherty,8,2,12,154,4,24,111,358,798.6951,414.3460531,,
348465,650497,GA,Dougherty,9,2,12,154,6,83,124,1630,1338.8463,1176.624021,,
348466,620564,GA,Dougherty,10,2,12,154,4,25,17,331,386.4101,343.8048515,,
1701167,679647,GA,Dougherty,11,2,12,153,4,29,36,620,468.0058,408.6971486,,
348468,650555,GA,Dougherty,12,2,12,153,3,35,52,608,474.499,405.9195517,,
1701080,946323,GA,Dougherty,13,2,12,154,5,16,38,651,521.9471,453.8198085,,
1701168,694171,GA,Dougherty,14,2,12,153,5,74,315,1467,1697.2741,1054.969398,,
348471,642959,GA,Dougherty,15,2,12,153,6,41,138,1520,1180.4817,962.0589176,,
348472,946324,GA,Dougherty,16,2,12,153,7,47,58,1061,872.1161,768.2096666,,
348474,628670,GA,Dougherty,17,2,12,153,5,42,51,937,799.1798,684.5348922,,
348475,632963,GA,Dougherty,18,2,12,152,2,19,38,316,379.0478,277.0976336,,
348476,594598,GA,Dougherty,19,2,12,152,3,44,194,695,1389.298,801.9171522,,
348477,640775,GA,Dougherty,20,2,12,152,4,23,88,356,657.036,445.9775028,,
348479,654866,GA,Dougherty,22,2,12,153,8,53,148,836,1069.4145,754.4781438,,
1701170,677445,GA,Dougherty,23,2,12,153,3,22,88,788,680.2477,573.4478592,,
348481,710839,GA,Dougherty,24,2,12,151,10,45,237,445,1392.2365,697.016348,,
348482,717437,GA,Dougherty,25,2,12,154,13,50,33,463,548.3097,481.2640354,,
348483,630778,GA,Dougherty,26,2,12,153,1,3,9,446,192.4671,164.8550692,,
2500635,1152088,GA,Douglas,Dc01,6,30,66,20,135,341,2951,2625.5435,2170.844894,,
2500653,1152089,GA,Douglas,Dc02,6,28,66,16,87,486,2112,2419.1482,1660.843134,,
2500663,1152090,GA,Douglas,Dc03,6,28,66,9,58,351,1111,1871.9394,1049.047569,,
2500649,1152091,GA,Douglas,Dc04,6,30,66,12,78,254,1546,1498.8208,1224.345799,,
2500643,1152092,GA,Douglas,Dc05,6,28,66,11,64,245,1377,1448.0506,1047.3728,,
2500652,1152093,GA,Douglas,Dc06,3,30,64,6,30,239,747,1332.8736,660.6786284,,
2500637,1152094,GA,Douglas,Dc07,3,30,64,10,43,388,1160,1845.1111,977.370554,,
2500660,1152095,GA,Douglas,Dc08,6,28,64,20,99,364,1992,2254.6596,1709.914489,,
2500642,1152096,GA,Douglas,Dc09,6,28,64,24,167,638,2969,3637.3645,2639.037086,,
2500659,1152097,GA,Douglas,Dc10,6,28,66,18,105,410,2007,2285.0288,1737.542248,,
2500650,1152098,GA,Douglas,Dc11,3,30,64,3,34,254,836,1162.0291,699.8379468,,
2500664,1152099,GA,Douglas,Dc12,6,28,64,22,130,410,1767,2572.0802,1876.066744,,
2500661,1152100,GA,Douglas,Dc13,6,28,66,14,84,259,949,1651.4461,1115.981103,,
2500667,1152101,GA,Douglas,Dc14,6,28,64,34,218,475,2372,3073.0448,2404.189739,,
2500658,1152102,GA,Douglas,Dc15,6,28,64,15,108,394,2387,2322.3157,1896.867221,,
2500654,1152103,GA,Douglas,Dc16,3,30,40,22,141,819,2653,3792.106,2318.801841,,
2500646,1152104,GA,Douglas,Dc17,3,30,40,4,27,176,680,979.1693,590.5430552,,
2500638,1152105,GA,Douglas,Dc18,3,30,40,16,84,497,1075,3562.3121,1489.408782,,
2500651,1152106,GA,Douglas,Dc19,6,28,66,4,55,217,1719,1332.5599,1101.503171,,
2500641,1152107,GA,Douglas,Dc20,3,30,40,4,49,385,697,2640.4147,911.4184818,,
2500647,1152108,GA,Douglas,Dc21,3,30,64,16,93,635,1773,3295.105,1748.594034,,
2500639,1152109,GA,Douglas,Dc22,6,28,66,7,48,412,1507,1900.9605,1164.692415,,
2500662,1152110,GA,Douglas,Dc23,6,28,66,6,40,219,699,1031.3426,623.9954839,,
2500648,1152111,GA,Douglas,Dc24,6,28,64,36,198,483,3257,3344.841,2730.147056,,
2500645,1152112,GA,Douglas,Dc25,6,28,66,5,43,310,1093,1408.9453,903.7729957,,
348515,614051,GA,Early,A,2,12,154,2,7,63,314,535.3074,273.0368514,,
348516,660726,GA,Early,B,2,12,154,2,28,234,1249,1704.7537,990.2404619,,
348518,620554,GA,Early,Cs,2,12,154,,3,81,143,670.9464,190.411709,,
348519,594591,GA,Early,Cuba,2,12,154,,9,85,212,702.4673,248.3779177,,
348525,684361,GA,Early,U,2,12,154,,1,28,82,440.4324,109.9586423,,
348526,616291,GA,Echols,1058,8,8,174,3,4,55,43,1144.0738,104.1558503,,
348527,833596,GA,Effingham,01a,1,4,159,1,23,155,270,1716.4507,382.0362637,,
348528,833286,GA,Effingham,01b,1,4,159,4,17,109,152,1522.698,277.1573579,,
348529,833401,GA,Effingham,01c,1,4,159,,11,88,131,1017.2421,219.6560519,,
348530,833559,GA,Effingham,01d,1,4,161,1,11,110,134,1152.8482,218.3932079,,
348532,833456,GA,Effingham,02a,1,4,161,3,16,224,410,1524.4032,435.4389995,,
348533,833330,GA,Effingham,02b,1,4,161,,15,95,142,987.2828,231.1232002,,
348534,833599,GA,Effingham,02c,1,4,161,2,17,189,373,1476.2306,397.4249857,,
2155312,833563,GA,Effingham,02d,1,4,161,2,22,224,417,1902.7648,523.803526,,
348536,833292,GA,Effingham,03a,12,4,159,1,6,77,99,884.2583,160.6597612,,
348537,833307,GA,Effingham,03b,12,4,159,1,10,140,308,1497.798,368.9518992,,
348538,833433,GA,Effingham,03c,12,4,159,2,4,95,200,817.1183,199.0444669,,
348539,833504,GA,Effingham,03d,12,4,159,2,22,286,570,2019.9324,586.5265727,,
348540,833664,GA,Effingham,03e,1,4,159,1,2,64,106,788.55,171.9299009,,
348541,833366,GA,Effingham,04a,12,4,159,2,16,260,480,2242.3305,535.7756665,,
348542,833483,GA,Effingham,04b,1,4,161,2,26,208,497,1320.0781,472.5436496,,
348543,833367,GA,Effingham,04c,1,4,159,3,13,145,253,1361.8341,321.9050373,,
348544,833257,GA,Effingham,05a,1,4,161,2,23,271,503,1994.7945,536.3623777,,
348545,833470,GA,Effingham,05b,1,4,161,3,13,141,322,1153.4349,323.8145056,,
348546,833585,GA,Effingham,05c,1,4,161,2,19,200,470,1339.1547,493.8767411,,
2155310,833234,GA,Effingham,05d,1,4,161,2,13,149,315,1108.9367,329.5380359,,
348548,680389,GA,Elbert,189,10,24,123,2,38,348,1043,2043.415,858.7215748,,
348549,704536,GA,Elbert,190,10,24,123,1,5,45,102,439.3901,108.2495715,,
348550,594548,GA,Elbert,191,10,24,123,3,3,40,92,512.1667,108.8122483,,
348551,614101,GA,Elbert,192,10,24,123,,2,22,24,278.4609,45.79216235,,
348552,654851,GA,Elbert,193,10,24,123,2,9,74,156,718.021,188.3533034,,
348553,586442,GA,Elbert,196,10,24,123,,1,35,48,332.8325,80.34356558,,
348554,702854,GA,Elbert,197,10,24,123,1,6,122,261,960.655,317.8866884,,
348555,694116,GA,Elbert,199,10,24,123,1,3,29,24,418.7966,64.65772405,,
348556,654804,GA,Elbert,201,10,24,123,,5,117,159,1035.6231,209.9683696,,
348557,673718,GA,Elbert,202,10,24,123,1,8,39,65,296.5598,78.4946364,,
348558,682707,GA,Elbert,315,10,24,123,,4,62,105,632.7273,129.3345313,,
348568,652698,GA,Emanuel,50,12,23,158,1,2,17,21,401.5214,60.55067846,,
348569,672048,GA,Emanuel,52,12,23,158,,3,27,83,149.6361,76.0850053,,
348570,640755,GA,Emanuel,53,12,23,158,4,39,582,1408,3566.6351,1229.01025,,
348571,689804,GA,Emanuel,57,12,23,158,1,5,27,56,324.9264,75.87534315,,
348572,682673,GA,Emanuel,58,12,23,158,,1,40,117,352.0714,112.0527395,,
348559,668717,GA,Emanuel,1208,12,23,158,,2,19,16,486.3989,56.32938274,,
348560,654838,GA,Emanuel,1333,12,23,158,1,2,33,51,436.5248,78.89016091,,
348561,668724,GA,Emanuel,1429,12,23,158,,3,18,46,300.905,57.67303928,,
348563,592396,GA,Emanuel,1502,12,23,158,,,23,36,243.9726,49.68280878,,
348564,626516,GA,Emanuel,1560,12,23,158,,11,137,305,950.4973,294.7152506,,
348565,677497,GA,Emanuel,1748,12,23,158,1,4,36,59,478.7375,95.00446655,,
1701081,946325,GA,Evans,11,12,4,157,1,29,655,961,3291.2153,952.3538707,,
348583,665721,GA,Fannin,Colw,9,51,7,2,8,44,38,805.3746,152.9840916,,
348584,586490,GA,Fannin,Fair,9,51,7,1,7,54,44,833.4101,150.2843303,,
348585,614093,GA,Fannin,Flin,9,51,7,,11,119,109,1894.2124,319.3566389,,
348586,594555,GA,Fannin,Hemp,9,51,7,3,10,55,61,968.6205,187.9875161,,
348587,636932,GA,Fannin,Hoth,9,51,7,2,6,37,45,780.9615,135.3792504,,
348588,656980,GA,Fannin,Mine,9,51,7,1,5,79,68,1323.5676,213.1432453,,
348589,636988,GA,Fannin,Mobi,9,51,7,1,1,34,36,724.5838,123.6951467,,
348590,644666,GA,Fannin,Morg,9,51,7,3,15,72,86,1449.2145,259.8835364,,
348591,652662,GA,Fannin,Noon,9,51,7,3,10,35,35,654.0135,135.6042793,,
348592,694142,GA,Fannin,Sken,9,51,7,,2,15,15,231.6953,41.75495248,,
348593,594581,GA,Fannin,Sugc,9,51,7,1,16,90,83,1566.6375,287.6469232,,
348594,636942,GA,Fannin,Tocc,9,51,7,4,28,134,146,2076.1077,390.5335084,,
348595,710761,GA,Fayette,1,3,34,69,29,107,231,1103,1778.9649,1296.07792,,
348606,680374,GA,Fayette,2,3,16,82,1,15,118,165,1905.9147,402.6485367,,
348617,630789,GA,Fayette,3,6,34,69,47,218,181,1530,2248.6851,1902.510581,,
348625,656960,GA,Fayette,4,3,34,69,16,65,198,755,1161.9462,744.8155456,,
348626,630808,GA,Fayette,5,3,34,69,19,105,251,832,1437.8353,929.87923,,
348627,670383,GA,Fayette,6,3,34,69,10,52,172,726,1137.7976,761.8053575,,
348628,620521,GA,Fayette,7,6,34,68,30,93,268,860,1475.2593,953.7445899,,
348629,663565,GA,Fayette,8,6,34,69,26,103,293,1101,1974.7154,1259.946782,,
348630,673719,GA,Fayette,9,3,16,68,11,52,371,433,2063.7749,797.5546076,,
348596,652660,GA,Fayette,10,3,16,68,39,169,541,1708,3215.5765,2047.889519,,
348597,586461,GA,Fayette,11,3,16,68,5,22,233,271,1073.4626,437.410285,,
348598,616233,GA,Fayette,12,3,16,73,9,23,125,104,878.372,324.3401449,,
348599,704507,GA,Fayette,13,3,16,82,14,36,293,342,2496.2774,740.7656091,,
348600,632922,GA,Fayette,14,3,16,73,13,61,466,533,2456.4798,933.3197035,,
348601,636984,GA,Fayette,15,3,16,82,4,21,246,281,1768.8458,515.5445502,,
348602,663527,GA,Fayette,16,3,16,68,10,53,482,478,2302.1901,914.4102748,,
348603,620528,GA,Fayette,17,3,16,73,3,17,184,151,876.0269,333.26758,,
348604,699819,GA,Fayette,18,3,16,73,26,128,970,1431,3941.7479,1837.693526,,
348605,709097,GA,Fayette,19,3,16,73,8,32,220,244,1186.2549,426.1286131,,
348607,1154735,GA,Fayette,20a,3,16,73,13,50,352,324,1980.9255,694.4619703,,
348608,640746,GA,Fayette,21,3,16,73,4,21,240,316,1222.8366,500.0912862,,
348609,652651,GA,Fayette,22,3,16,82,4,22,203,121,1274.8015,376.3905708,,
348610,586391,GA,Fayette,23,6,34,69,9,36,65,384,624.8773,473.0418434,,
348611,680359,GA,Fayette,24,6,34,69,5,48,180,555,1005.5223,581.9554818,,
348612,668742,GA,Fayette,25,3,16,82,5,32,192,370,1225.2053,572.0738464,,
348613,682663,GA,Fayette,26,3,16,69,19,91,434,879,2128.1991,1141.103851,,
348614,689790,GA,Fayette,27,3,16,68,14,94,378,672,2433.698,1055.581839,,
348615,626512,GA,Fayette,28,6,34,69,19,54,200,805,1459.471,937.1187076,,
348616,657074,GA,Fayette,29,3,34,69,17,75,252,1196,1555.2588,1062.744979,,
348618,640748,GA,Fayette,30,3,16,82,11,81,408,938,2085.8567,1117.357195,,
348619,640784,GA,Fayette,31,3,16,68,17,56,477,499,2338.2678,927.2527021,,
348620,660780,GA,Fayette,32,3,16,73,7,29,274,269,1313.177,505.0056576,,
348622,620501,GA,Fayette,34,3,16,82,15,49,497,426,2500.2323,877.5176536,,
348623,665733,GA,Fayette,35,3,16,69,30,106,425,1145,2200.3061,1364.246503,,
348624,656975,GA,Fayette,36,3,16,82,11,44,199,387,1214.2933,496.8389635,,
348631,680373,GA,Floyd,1,14,52,13,12,55,571,1090,3772.8653,1267.530732,,
348632,721716,GA,Floyd,10,14,53,12,3,10,81,113,1297.5169,261.4610714,,
348640,709093,GA,Floyd,15,14,52,12,6,12,140,147,1844.0349,357.70148,,
348641,642990,GA,Floyd,20,14,52,12,2,7,79,114,916.3767,213.2690054,,
348642,594622,GA,Floyd,25,14,52,13,1,5,54,53,762.0994,147.9214483,,
348643,717431,GA,Floyd,30,14,52,13,12,53,315,525,4013.1228,992.627139,,
348644,654836,GA,Floyd,35,14,53,12,,1,12,15,266.3694,53.51231944,,
348645,640779,GA,Floyd,40,14,53,12,1,10,52,70,1163.001,206.9930273,,
348646,695794,GA,Floyd,45,14,52,12,2,5,45,40,687.8662,117.0862145,,
348647,594560,GA,Floyd,50,14,53,12,16,48,466,1150,3123.8265,1160.011246,,
348648,654888,GA,Floyd,55,14,52,13,7,25,230,438,2278.9772,608.1685742,,
348649,677492,GA,Floyd,60,14,52,13,,4,51,59,996.7684,166.8064548,,
348653,642989,GA,Floyd,80,14,52,12,1,9,104,173,1060.38,248.1307579,,
348655,650517,GA,Floyd,90,14,52,13,28,83,413,1030,3330.9661,1242.197033,,
348633,657080,GA,Floyd,105,14,52,13,6,35,196,678,1498.5309,642.1077036,,
348634,620558,GA,Floyd,110,14,52,13,10,47,139,525,943.4485,480.7611929,,
348637,592432,GA,Floyd,130,14,52,5,3,17,155,171,2090.2823,405.2684473,,
348638,694185,GA,Floyd,135,14,52,12,3,25,226,413,2461.8171,594.7647342,,
348639,637009,GA,Floyd,140,14,52,13,20,73,299,872,1900.7081,838.276511,,
348656,652705,GA,Forsyth,1,7,27,25,35,167,1525,2083,5679.3529,2415.754391,,
348666,648424,GA,Forsyth,2,7,27,24,19,83,1019,1759,2605.0784,1425.193364,,
348680,656965,GA,Forsyth,4,7,27,28,,9,137,165,2191.1116,421.7041369,,
348681,680365,GA,Forsyth,5,7,27,28,15,45,528,663,3939.5067,1106.066717,,
348682,628649,GA,Forsyth,6,7,27,28,17,52,470,649,4661.2054,1182.647932,,
348683,717388,GA,Forsyth,7,7,27,26,21,94,967,1358,6137.934,1880.956678,,
348684,657040,GA,Forsyth,8,7,27,26,21,57,476,596,3962.2542,1215.297895,,
348657,670408,GA,Forsyth,10,7,27,24,16,99,1035,1172,6828.6024,2235.929275,,
348661,626493,GA,Forsyth,15,7,27,11,6,36,422,479,4117.372,1081.145615,,
348662,650492,GA,Forsyth,16,7,27,28,15,49,449,593,4692.7718,1173.774874,,
348665,618418,GA,Forsyth,19,7,48,25,8,39,551,635,2348.777,880.3855057,,
348668,626473,GA,Forsyth,21,7,48,25,13,37,565,690,1857.8329,772.9681133,,
348672,628645,GA,Forsyth,25,7,48,26,16,74,1865,1881,4994.004,2160.034824,,
2007404,1079997,GA,Forsyth,34,7,27,26,18,70,840,1069,4149.1,1544.841275,,
2007405,1079998,GA,Forsyth,35,7,48,25,22,118,1474,1706,4436.9048,2052.646728,,
2007406,1079999,GA,Forsyth,36,7,48,100,20,84,1394,1634,4501.2331,1875.486286,,
2155285,1113534,GA,Forsyth,38,7,48,25,19,93,1453,1597,5108.1885,1991.146075,,
2155283,1113535,GA,Forsyth,39,7,48,25,6,38,638,732,2778.0814,992.2020285,,
2155293,1113536,GA,Forsyth,40,7,27,24,19,86,731,901,4723.6438,1591.335171,,
2155280,1113537,GA,Forsyth,41,7,27,24,11,54,655,808,2400.3934,1001.662478,,
2155281,1113538,GA,Forsyth,42,7,27,28,12,32,180,255,2624.298,570.368144,,
2155278,1113539,GA,Forsyth,43,7,27,26,15,68,931,1209,3635.3548,1515.656747,,
2155304,1113540,GA,Forsyth,44,7,27,26,8,19,128,155,1900.1583,418.4930773,,
2155297,1113541,GA,Forsyth,45,7,27,24,11,45,410,464,3504.8248,967.8521286,,
2155295,1113542,GA,Forsyth,46,7,27,24,5,41,559,579,2668.7859,939.9748852,,
2155309,1113543,GA,Forsyth,47,7,27,26,11,25,188,209,1655.2784,504.3470732,,
2206503,1116490,GA,Forsyth,49,7,27,24,12,40,351,415,2087.7657,741.2348836,,
2341808,1144002,GA,Forsyth,50,7,27,28,10,41,530,692,4233.1415,1129.547727,,
2341810,1144003,GA,Forsyth,51,7,27,11,9,36,500,616,4738.9445,1180.0804,,
348686,710820,GA,Franklin,1,10,50,33,,4,88,93,1713.1251,216.6402162,,
348691,682689,GA,Franklin,2,10,50,33,1,1,44,45,1163.2022,131.2601031,,
348692,702850,GA,Franklin,3,10,50,33,1,4,108,154,1850.9071,258.6372064,,
348693,656985,GA,Franklin,4,10,50,33,1,8,154,221,1455.4434,273.622967,,
348694,592423,GA,Franklin,5,10,50,33,,,47,42,801.2565,95.28850076,,
348695,594561,GA,Franklin,6,10,50,33,2,10,118,170,1206.5501,201.5345386,,
348696,626500,GA,Franklin,7,10,50,33,,3,79,60,1627.2505,175.351286,,
348699,833611,GA,Fulton,01a,5,36,62,81,331,276,1679,2434.7833,2138.83632,,
348700,833272,GA,Fulton,01b,5,36,63,115,419,304,1774,3141.375,2756.163326,,
348701,833393,GA,Fulton,01c,5,36,62,8,54,44,758,683.8985,606.3930276,,
348702,833593,GA,Fulton,01d,5,36,59,15,82,56,580,578.3567,511.5668984,,
348703,833490,GA,Fulton,01e,5,36,62,93,338,255,1352,2312.5768,1998.468612,,
348704,833509,GA,Fulton,01f,5,36,59,2,12,12,404,344.7209,311.4341692,,
348705,833605,GA,Fulton,01g,5,36,62,34,147,136,1295,1352.8726,1195.660841,,
1812023,990685,GA,Fulton,01h,5,36,59,3,19,17,368,293.2014,264.7933465,,
348706,833368,GA,Fulton,01j,5,36,62,13,92,94,1183,1172.3963,1050.262497,,
348707,946327,GA,Fulton,01p,5,36,63,7,50,49,745,772.1398,696.9698198,,
348710,833361,GA,Fulton,01s,5,36,63,5,37,53,768,769.1354,694.735358,,
348711,833606,GA,Fulton,01t,5,36,63,20,89,75,634,888.8361,790.5456461,,
348712,833293,GA,Fulton,02a,5,36,57,45,204,356,1822,1854.2168,1528.628067,,
2029413,1088200,GA,Fulton,02a1,5,36,56,20,85,211,1108,902.2305,723.7667309,,
348713,833622,GA,Fulton,02b,5,36,58,24,123,92,1141,1053.8984,900.9198994,,
348714,833514,GA,Fulton,02c,5,36,58,8,58,104,813,735.8114,645.0012617,,
348715,833453,GA,Fulton,02d,5,36,58,74,247,504,2963,2584.5412,2189.189006,,
348716,833344,GA,Fulton,02e,5,36,58,71,201,150,609,1291.2976,1129.216464,,
348717,833588,GA,Fulton,02f1,5,36,58,41,187,299,1485,1721.6914,1445.658068,,
348718,717434,GA,Fulton,02f2,5,36,58,9,43,54,428,374.3987,315.4831023,,
348719,833603,GA,Fulton,02g,5,36,59,59,215,342,1937,2142.8088,1811.000308,,
348720,833655,GA,Fulton,02j,5,36,57,46,153,155,1020,1176.3728,1011.59813,,
1812027,990689,GA,Fulton,02k,5,36,57,26,81,129,687,755.5458,632.3663681,,
348721,833572,GA,Fulton,02l1,5,36,57,8,83,125,759,784.661,652.7101814,,
2029417,1088201,GA,Fulton,02l1a,5,36,57,22,118,126,1289,1107.5909,957.4649727,,
2329890,1142653,GA,Fulton,02l1b,5,36,57,40,192,297,1582,1573.8758,1309.316156,,
348722,632919,GA,Fulton,02l2,5,39,56,22,112,167,1920,1269.7308,1090.603335,,
348723,833296,GA,Fulton,02s,5,36,59,10,32,76,370,329.5361,279.9248601,,
348724,833364,GA,Fulton,02w,5,39,56,10,61,101,750,588.7112,497.3784434,,
348726,946328,GA,Fulton,03a,5,39,56,5,38,47,663,637.9971,570.6421376,,
348728,946329,GA,Fulton,03b,5,39,55,1,12,12,221,167.2906,148.8072306,,
348730,833224,GA,Fulton,03c,5,38,55,6,44,63,758,726.4054,649.9217807,,
348731,833434,GA,Fulton,03d,5,39,56,4,19,30,342,346.0537,309.4492929,,
348732,833481,GA,Fulton,03e,5,39,56,15,70,32,745,745.2204,675.9221141,,
1812028,833598,GA,Fulton,03f,5,39,56,9,72,123,1062,980.845,838.9455734,,
348734,833458,GA,Fulton,03g,5,36,56,2,16,11,225,213.6661,194.3473507,,
348735,833347,GA,Fulton,03h,5,38,55,3,14,28,319,316.3352,283.9376852,,
1812029,990690,GA,Fulton,03i,5,39,56,4,21,25,921,421.0402,360.7001471,,
348736,833500,GA,Fulton,03l,5,39,55,1,8,11,174,163.3086,147.1005288,,
348737,833677,GA,Fulton,03m,5,38,55,9,52,130,497,519.4681,415.1854312,,
348738,833324,GA,Fulton,03n,5,39,56,12,68,76,1000,784.3943,694.0700276,,
1820437,993736,GA,Fulton,03p1a,5,39,56,32,156,216,2624,1750.4052,1507.943443,,
348740,833682,GA,Fulton,03p2,5,39,56,2,8,2,68,61.8357,55.45443705,,
348742,833506,GA,Fulton,03s,5,38,55,1,18,32,332,330.0285,296.5361384,,
348743,833670,GA,Fulton,03t,5,36,56,9,47,29,521,525.749,474.9879098,,
348745,833414,GA,Fulton,04a,5,39,56,7,41,28,492,467.0312,422.7690844,,
348746,632918,GA,Fulton,04b,5,36,58,6,56,30,890,634.5107,569.30548,,
1812030,990691,GA,Fulton,04c,5,39,56,,6,9,57,59.1588,52.49298848,,
348747,833532,GA,Fulton,04d,5,39,56,11,57,49,568,710.0229,637.6343432,,
1812031,990692,GA,Fulton,04f,5,36,56,15,87,95,1170,954.6653,835.1455203,,
348749,833689,GA,Fulton,04g,5,39,59,9,34,30,374,372.7124,332.5839345,,
1812032,990693,GA,Fulton,04i,5,36,58,7,56,80,948,755.0405,640.8370425,,
1812033,990694,GA,Fulton,04j,5,36,56,1,10,5,317,167.0335,149.769325,,
348751,833243,GA,Fulton,04k,5,36,58,19,100,52,879,947.7134,859.7536043,,
348752,833428,GA,Fulton,04l,5,39,58,24,95,42,614,784.3547,709.169052,,
348753,652692,GA,Fulton,04m,5,39,58,2,17,34,310,248.7573,216.0239107,,
348754,833313,GA,Fulton,04s,5,39,58,10,69,60,802,974.9806,883.0390086,,
348755,833335,GA,Fulton,04t,5,39,58,5,38,50,511,558.4068,499.0961219,,
348756,833594,GA,Fulton,04v,5,36,59,12,60,41,1035,891.57,810.2340668,,
348757,614095,GA,Fulton,04w,5,36,56,2,35,2,986,429.3617,378.1993685,,
348758,833665,GA,Fulton,04x1,5,39,58,20,86,74,817,906.4701,815.569878,,
348759,833320,GA,Fulton,04x2,5,39,58,5,30,22,238,266.5149,240.2487515,,
1743906,950926,GA,Fulton,05A2,5,36,63,65,241,273,1870,2278.7728,1976.888266,,
1701083,946330,GA,Fulton,05a1,5,36,59,60,264,307,1764,2110.6702,1840.208492,,
348761,710793,GA,Fulton,05b,5,36,59,13,65,66,929,762.4639,683.3491628,,
348762,684375,GA,Fulton,05c,5,36,59,1,6,3,46,22.1775,18.92465229,,
1812034,990695,GA,Fulton,05d,5,36,58,11,58,51,538,492.2065,427.7744311,,
1812037,990697,GA,Fulton,05k,5,36,59,11,65,91,1236,766.7382,668.1711734,,
1743907,950927,GA,Fulton,06L2,5,39,57,10,52,141,280,528.7026,374.8482619,,
348765,833650,GA,Fulton,06b,5,36,58,22,104,158,722,1043.7216,864.0299433,,
348766,833232,GA,Fulton,06d,5,39,57,35,161,214,1621,1797.8751,1506.26239,,
2029405,1088202,GA,Fulton,06d1,5,39,57,87,276,483,1259,2459.6046,1959.137861,,
2029410,1088203,GA,Fulton,06d2,5,39,57,60,212,265,961,1689.0778,1372.097368,,
348767,833250,GA,Fulton,06e,5,39,57,15,108,235,1050,1146.1002,940.5011392,,
348768,833601,GA,Fulton,06f,5,36,58,54,203,306,1065,1594.062,1315.266436,,
348769,833486,GA,Fulton,06g,5,36,58,11,36,52,223,310.4808,258.0314552,,
1812039,990699,GA,Fulton,06i,6,39,57,28,135,111,1786,1383.0202,1221.707556,,
348771,833618,GA,Fulton,06j,5,36,57,46,188,309,1057,1864.8001,1529.720682,,
1701084,946331,GA,Fulton,06l1,5,39,57,26,90,136,391,699.4423,537.8871445,,
1812040,990700,GA,Fulton,06n,5,39,57,18,99,253,832,1056.0869,740.4660697,,
1812041,990701,GA,Fulton,06q,5,39,57,2,16,22,240,155.2463,135.7958093,,
348774,833454,GA,Fulton,06r,5,39,57,45,163,209,695,1104.5355,875.5028511,,
2329893,1142654,GA,Fulton,06r1,5,39,56,1,7,28,267,132.0677,106.8334942,,
348776,833247,GA,Fulton,07a,6,14,54,26,89,579,778,1584.0668,979.4050765,,
2038508,1092543,GA,Fulton,07a1,6,14,54,31,200,775,2567,2688.2583,1968.347029,,
348777,833332,GA,Fulton,07b,6,14,54,46,133,745,519,2178.7067,1206.687283,,
348778,833502,GA,Fulton,07c,6,14,54,43,193,772,1884,2794.95,1908.259122,,
348779,833391,GA,Fulton,07d,6,38,54,20,81,416,1260,1319.6783,932.6682081,,
2038510,1092544,GA,Fulton,07d1,6,38,54,17,73,347,923,990.3492,719.4196031,,
348780,833266,GA,Fulton,07e,6,39,54,29,113,320,1008,1344.4044,1013.086237,,
348781,833436,GA,Fulton,07f,6,39,54,8,26,184,192,521.0161,298.3269486,,
2329885,1142655,GA,Fulton,07f1,6,39,54,25,123,616,1211,1662.5056,1143.837014,,
348783,833289,GA,Fulton,07h,6,39,57,29,107,386,622,1427.71,926.8874211,,
348784,833589,GA,Fulton,07j,6,39,57,23,127,593,1196,1932.686,1327.012426,,
348787,946332,GA,Fulton,07m,6,39,54,27,90,315,1081,1084.9083,839.6773147,,
348789,833581,GA,Fulton,07n,6,39,57,11,60,78,895,776.3057,671.5210735,,
348790,833459,GA,Fulton,08a,6,38,60,20,93,556,847,1946.4383,1150.985732,,
348791,833343,GA,Fulton,08b,6,38,53,39,118,841,991,2455.2278,1390.313684,,
348792,833625,GA,Fulton,08c,6,38,60,1,9,41,44,192.9094,93.66792827,,
2206524,1116491,GA,Fulton,08c1,6,38,53,9,35,265,221,873.4557,416.9256243,,
348793,833562,GA,Fulton,08d,6,38,53,9,26,213,169,820.0685,389.3904625,,
348794,833446,GA,Fulton,08e,6,38,60,15,78,592,553,1890.5256,1055.323999,,
1701085,946333,GA,Fulton,08f1,6,38,53,30,82,420,376,1648.7338,815.6725255,,
348796,833578,GA,Fulton,08g,6,38,55,25,101,469,1024,1622.6638,1112.923676,,
348797,833668,GA,Fulton,08h,6,39,55,28,99,484,527,1777.4404,978.219396,,
348798,833388,GA,Fulton,08j,6,38,55,18,90,571,966,1998.2594,1185.808925,,
348799,833322,GA,Fulton,08k,5,39,55,10,35,176,449,585.0109,400.6850719,,
348800,833460,GA,Fulton,08l,5,39,55,41,182,550,1845,2280.4697,1745.428894,,
348801,833355,GA,Fulton,08m,6,38,53,17,79,665,883,1736.213,1000.086278,,
1701086,946334,GA,Fulton,08n1,6,38,60,6,26,172,193,584.2753,319.4496584,,
1701087,946335,GA,Fulton,08n2,6,38,60,15,66,264,570,1034.8583,676.7557231,,
348803,833225,GA,Fulton,08p,5,39,55,5,37,86,496,446.0316,351.6603803,,
2341785,1144004,GA,Fulton,08p1,5,39,56,8,32,35,443,363.9812,313.4723369,,
348804,833540,GA,Fulton,09a,6,35,60,36,231,519,2158,2671.2957,2140.380357,,
348805,833648,GA,Fulton,09b,6,35,61,3,13,16,249,208.4696,188.1703097,,
348806,833241,GA,Fulton,09c,6,35,60,13,84,64,981,1291.7815,1190.239866,,
348807,833370,GA,Fulton,09d,5,38,55,3,34,49,816,772.351,696.1729504,,
348808,833520,GA,Fulton,09e,5,38,55,13,68,153,1131,1120.0122,970.1317932,,
348809,833498,GA,Fulton,09f,6,38,60,25,135,758,1497,2439.7749,1668.926062,,
348810,833384,GA,Fulton,09g,5,38,55,4,30,43,399,335.3692,285.3319183,,
1812043,990703,GA,Fulton,09h,5,38,55,9,32,59,547,448.8768,379.5765483,,
1812044,990704,GA,Fulton,09i,5,38,55,4,37,49,574,524.1938,463.1009324,,
2341805,1144005,GA,Fulton,09j,6,38,60,,,0,1,0.4596,0.4154892202,,
348811,586435,GA,Fulton,09k,6,35,60,6,35,73,840,704.1872,619.0501291,,
2029402,1088204,GA,Fulton,09k1,6,35,60,8,79,60,1159,1109.9902,999.8115903,,
348812,833248,GA,Fulton,09l,6,38,55,6,27,47,313,365.4391,318.1394624,,
348813,833380,GA,Fulton,09m,6,35,60,25,141,322,1231,1869.79,1530.578875,,
2341799,1144006,GA,Fulton,09n,6,38,55,36,160,381,1924,2077.6226,1682.677407,,
348815,833488,GA,Fulton,10a,6,35,60,12,79,65,1176,1380.3995,1267.140881,,
1812047,990707,GA,Fulton,10b,5,38,55,29,157,52,849,1770.6924,1653.001992,,
2341791,1144007,GA,Fulton,10b1,5,35,55,9,62,16,521,586.0339,540.2131719,,
348817,833230,GA,Fulton,10c,6,35,60,5,42,50,808,826.1514,751.4873934,,
348818,833526,GA,Fulton,10d,6,35,55,,6,11,389,265.3569,239.1575372,,
2038512,1092545,GA,Fulton,10d1,6,35,60,10,47,47,732,768.0284,698.2023154,,
2206507,1116492,GA,Fulton,10d2,6,35,60,5,33,28,508,616.1942,565.5428208,,
348819,833700,GA,Fulton,10e,6,35,60,9,35,35,363,473.5955,431.1710899,,
348820,833613,GA,Fulton,10f,5,35,55,5,30,30,404,525.7399,478.0262347,,
348821,833256,GA,Fulton,10g,5,38,56,12,60,40,394,712.2984,650.6714813,,
1854547,1000460,GA,Fulton,10h1,5,38,55,6,19,10,184,223.4575,206.5881657,,
1854548,1000461,GA,Fulton,10h2,5,38,55,4,49,32,606,802.3507,740.3441838,,
1818782,993270,GA,Fulton,10i,5,38,56,10,31,9,112,232.9545,215.4618201,,
348823,833245,GA,Fulton,10j,5,38,56,,19,48,367,392.8866,346.1799665,,
1812048,990708,GA,Fulton,10k,5,38,56,10,74,70,541,850.1606,765.628552,,
348825,946337,GA,Fulton,10m,5,39,56,31,140,85,970,1268.2937,1150.729119,,
348827,833373,GA,Fulton,10p,6,35,60,1,27,35,509,521.9678,476.3356186,,
348828,833372,GA,Fulton,10r,5,35,55,1,8,14,221,224.7383,206.1523869,,
348832,946338,GA,Fulton,11b,6,35,61,19,103,51,990,1472.3003,1362.033221,,
1701177,833287,GA,Fulton,11b1,6,35,55,5,41,19,402,577.4775,533.7767055,,
2341798,1144008,GA,Fulton,11b3,6,35,61,2,19,17,338,362.5698,328.1982436,,
348834,833511,GA,Fulton,11c,6,35,55,7,32,5,63,177.2348,167.3083912,,
2244893,1124895,GA,Fulton,11c2,6,35,61,33,160,53,591,1135.3447,1049.894526,,
2244897,1124896,GA,Fulton,11c3,6,35,61,17,61,11,206,491.2846,461.4988775,,
348835,715747,GA,Fulton,11e1,6,38,65,4,44,41,473,545.8066,491.9195366,,
348836,833701,GA,Fulton,11e2,5,38,59,5,33,19,458,504.803,465.3858188,,
824910,833577,GA,Fulton,11e3,5,38,59,27,138,74,1254,1546.6746,1423.550596,,
348837,833413,GA,Fulton,11g,5,39,59,7,43,32,645,622.0678,564.5574394,,
348838,946339,GA,Fulton,11h,5,38,56,4,23,24,284,343.5174,308.0732201,,
348840,833557,GA,Fulton,11j,5,38,59,7,50,30,508,807.8695,748.5575,,
348841,833449,GA,Fulton,11k,5,39,58,15,86,45,680,951.9195,869.8039168,,
348843,833640,GA,Fulton,11m,5,38,58,11,72,23,441,695.0451,647.5270167,,
2029399,1088205,GA,Fulton,11m1,5,38,58,12,66,39,628,689.4776,632.7516616,,
348844,833469,GA,Fulton,11n,5,38,58,11,95,44,784,1220.4368,1125.96416,,
348845,833474,GA,Fulton,11p,5,38,59,3,57,48,851,958.7099,878.2880626,,
348846,654810,GA,Fulton,11r,5,39,58,5,18,28,621,517.6307,468.4456501,,
348847,833323,GA,Fulton,12a,5,36,59,19,87,69,619,957.4468,867.1039909,,
2029407,1088206,GA,Fulton,12a1,5,36,59,45,187,125,1194,1702.9131,1531.225288,,
348850,833687,GA,Fulton,12d,5,36,62,9,39,31,584,573.5504,519.1079697,,
348851,833616,GA,Fulton,1.20E+02,5,36,62,3,25,47,570,508.4639,453.4522329,,
348852,833539,GA,Fulton,12f,5,36,62,1,26,25,386,405.7004,365.8302276,,
348853,833647,GA,Fulton,12g,5,36,62,4,17,17,280,348.5942,318.063093,,
1897941,1011366,GA,Fulton,12h1,5,36,63,3,14,11,279,218.5482,195.9883472,,
1897942,1011367,GA,Fulton,12h2,5,36,63,15,83,36,945,1068.6257,977.6981431,,
1812049,990709,GA,Fulton,12i,5,39,59,1,17,16,329,343.3586,313.6904513,,
348855,833420,GA,Fulton,12j,5,36,63,12,69,58,1305,1023.3426,921.300111,,
1812050,990710,GA,Fulton,12k,5,36,59,25,136,106,1248,1353.0821,1208.771967,,
348856,710802,GA,Fulton,12l,5,39,59,2,13,10,199,189.4179,170.2655646,,
348857,620539,GA,Fulton,12m,5,36,63,10,70,61,1265,1205.9219,1097.551855,,
1812051,990711,GA,Fulton,12n,5,36,59,4,30,29,424,348.7913,309.5424097,,
348858,833231,GA,Fulton,12s,5,36,59,10,75,47,675,774.2603,706.3430839,,
1743908,950928,GA,Fulton,AP01D,7,14,48,1,19,228,387,577.9623,368.5205129,,
1743910,950930,GA,Fulton,AP021,7,21,49,12,58,563,865,2094.3547,1084.882995,,
1743911,950931,GA,Fulton,AP022,7,21,49,6,29,410,605,1278.6988,733.1325593,,
1743912,950932,GA,Fulton,AP02B,7,14,48,5,14,153,268,454.7091,274.0765818,,
1743913,950933,GA,Fulton,AP04A,7,21,49,9,45,288,386,1231.9823,612.9311909,,
1743914,950934,GA,Fulton,AP04B,7,21,49,3,11,108,159,343.0593,199.5307106,,
348860,833264,GA,Fulton,Ap01a,7,14,49,25,108,1219,2025,3229.0965,1892.990123,,
348861,833565,GA,Fulton,Ap01b,7,21,49,5,33,342,526,830.6594,475.368259,,
810237,654837,GA,Fulton,Ap01c,7,14,49,11,54,484,692,1537.5199,847.3868439,,
2206522,1116493,GA,Fulton,Ap023,7,21,48,6,30,199,343,556.3494,348.308393,,
348863,833236,GA,Fulton,Ap03,7,14,48,1,14,96,329,309.5589,211.1422447,,
348865,833555,GA,Fulton,Ap05,7,48,25,27,110,916,1515,3003.3951,1642.23252,,
348866,833473,GA,Fulton,Ap06,7,21,49,11,30,329,338,1317.5835,620.3136231,,
348867,833415,GA,Fulton,Ap07a,7,21,47,25,92,924,1261,3069.6771,1646.662427,,
2244896,1124897,GA,Fulton,Ap07c,7,21,49,3,11,249,243,657.5889,325.1823484,,
810238,628642,GA,Fulton,Ap09a,7,48,25,15,84,963,1607,2614.06,1561.613703,,
810239,657106,GA,Fulton,Ap09b,7,48,50,2,20,178,426,547.7304,366.614401,,
348870,833405,GA,Fulton,Ap10,7,21,49,5,22,223,161,682.8502,318.973849,,
1701090,946341,GA,Fulton,Ap12a,7,21,47,6,14,158,262,366.8785,236.9735472,,
1812052,990712,GA,Fulton,Ap12b,7,21,47,2,16,197,477,508.8997,340.8592424,,
1827718,995903,GA,Fulton,Ap12c,7,21,49,12,59,484,566,1577.1104,754.9057192,,
348873,946342,GA,Fulton,Ap14,7,14,49,1,3,33,98,87.7661,68.03868078,,
2206515,833267,GA,Fulton,Ap14a,7,14,48,22,72,702,965,2032.5636,1154.476286,,
1743915,950935,GA,Fulton,CP011,5,36,63,14,58,64,424,614.4681,503.4171973,,
1743916,950936,GA,Fulton,CP012,5,36,62,12,77,82,486,782.1491,653.7510939,,
1743917,950937,GA,Fulton,CP083,6,39,63,,1,0,66,48.094,43.38307188,,
810262,620569,GA,Fulton,Ch01,6,28,65,2,5,35,156,240.3073,171.7485482,,
2329891,1142657,GA,Fulton,Ch01b,6,38,67,,,0,0,4.0243,3.792798757,,
810263,618419,GA,Fulton,Ch02,6,28,65,1,25,59,165,399.398,258.1022175,,
810264,709099,GA,Fulton,Ch03,6,28,65,1,7,42,62,322.605,122.5390383,,
1701091,946343,GA,Fulton,Ch04a,6,28,65,13,45,118,174,511.752,335.3604762,,
810266,636943,GA,Fulton,Ch05,6,28,65,2,13,56,62,316.0128,131.0199985,,
2343798,1144188,GA,Fulton,Ch05a,6,38,65,,1,3,3,10.6532,5.072942446,,
348877,833697,GA,Fulton,Cp01b,5,36,63,3,19,32,167,241.2217,189.6797286,,
348878,946344,GA,Fulton,Cp02,5,36,63,7,51,50,447,550.7716,470.0441224,,
1937041,1063641,GA,Fulton,Cp04a,5,36,63,,,1,4,2.7153,2.145489686,,
348881,663579,GA,Fulton,Cp05b,5,36,63,,,2,50,46.0549,41.56011509,,
2206519,1116494,GA,Fulton,Cp05c,5,36,62,11,73,47,680,871.3181,794.7567576,,
1854549,1000462,GA,Fulton,Cp06a,6,36,63,,6,13,218,142.8109,127.3388113,,
1854550,1000463,GA,Fulton,Cp06b,6,36,63,,,0,1,0.2731,0.2453552438,,
348883,833571,GA,Fulton,Cp07a,5,36,62,,18,12,247,187.6773,168.6533725,,
348884,628634,GA,Fulton,Cp07b,5,36,63,,2,4,21,21.0351,17.52362708,,
1937043,1063643,GA,Fulton,Cp07c,5,39,62,,2,3,81,49.88,43.95632782,,
1827719,995904,GA,Fulton,Cp07d,5,36,62,,,0,26,18.8495,16.96393186,,
1701092,946345,GA,Fulton,Cp081,6,39,63,2,6,5,160,106.1117,93.9794908,,
1937044,1063644,GA,Fulton,Cp084,6,39,62,,1,0,12,5.0136,4.198337226,,
348885,833325,GA,Fulton,Cp08a,6,39,63,,3,4,140,84.7767,74.21667451,,
348888,922977,GA,Fulton,Ep01a,5,39,62,22,102,112,895,1327.4707,1167.580362,,
1572184,922978,GA,Fulton,Ep01b,5,39,59,6,57,63,712,987.8991,888.3175745,,
2206511,1116495,GA,Fulton,Ep01c,5,39,62,6,19,35,267,311.2235,273.069583,,
1811002,1139733,GA,Fulton,Ep01d,5,39,62,2,14,16,164,178.4999,157.922848,,
1902343,1011926,GA,Fulton,Ep02a,5,36,63,7,61,59,821,826.2252,741.3208023,,
1902344,1011927,GA,Fulton,Ep02b,5,36,62,21,98,82,542,971.1977,836.8541983,,
1902345,1011928,GA,Fulton,Ep02c,5,36,63,5,16,27,196,232.193,193.390734,,
1937045,1063645,GA,Fulton,Ep02d,5,39,62,6,34,14,245,271.3157,248.6125511,,
1937046,1063646,GA,Fulton,Ep02e,5,36,62,9,50,46,473,534.2915,473.6627843,,
348890,950938,GA,Fulton,Ep03a,5,39,62,24,143,95,1027,1773.5985,1616.049121,,
1901068,1011446,GA,Fulton,Ep03b,5,39,62,17,70,26,480,863.135,794.6034686,,
1771375,1139734,GA,Fulton,Ep03c,5,39,62,5,26,24,342,359.3663,324.7993637,,
1897943,1011368,GA,Fulton,Ep04a,5,39,62,9,66,49,1200,968.2772,878.0588727,,
1897944,1011369,GA,Fulton,Ep04b,6,39,65,15,109,51,1016,1202.2816,1107.197584,,
2029411,1088207,GA,Fulton,Ep04c,5,39,62,5,27,7,113,220.2948,203.4209865,,
348891,1139736,GA,Fulton,Ep04d,5,39,62,11,91,35,648,915.9262,845.1149309,,
348899,833496,GA,Fulton,Fa01a,6,38,67,23,127,138,1599,1960.6661,1710.503611,,
348900,668714,GA,Fulton,Fa01b,6,38,67,27,201,243,2929,3179.5538,2793.326706,,
1937047,1063647,GA,Fulton,Fa01c,6,38,68,1,29,23,332,343.1377,309.1750543,,
2029416,1088208,GA,Fulton,Fa01d,6,38,67,1,6,21,192,181.9527,148.8946025,,
1992254,1073043,GA,Fulton,Fc02,6,35,61,,2,6,39,35.8716,27.02617154,,
348901,833342,GA,Fulton,Hp01,5,36,63,23,133,304,1487,1903.2805,1467.339936,,
348902,833262,GA,Fulton,Jc01,7,48,50,23,89,794,1749,2326.671,1542.622376,,
2029406,1088209,GA,Fulton,Jc01a,7,48,50,14,43,447,1256,1261.7722,927.4315371,,
348903,833441,GA,Fulton,Jc02,7,48,50,17,67,742,1593,1827.5835,1204.965168,,
1771376,976469,GA,Fulton,Jc03a,7,48,50,4,13,126,215,375.0683,231.0705959,,
1701093,946348,GA,Fulton,Jc03b,7,48,50,5,38,320,759,939.0324,644.8239009,,
348905,833227,GA,Fulton,Jc04a,7,48,50,21,90,709,1088,2061.8886,1274.717751,,
348906,695803,GA,Fulton,Jc04b,7,48,50,,8,68,150,196.6792,138.0296891,,
1996019,1073340,GA,Fulton,Jc04c,7,48,50,7,30,273,519,802.6825,529.6284395,,
348907,833338,GA,Fulton,Jc05,7,48,50,14,51,490,840,1363.3152,862.9644638,,
348908,833702,GA,Fulton,Jc06,7,48,50,12,55,544,1040,1630.0308,919.6210943,,
348909,833421,GA,Fulton,Jc07,7,48,50,20,98,936,2094,2746.3042,1765.888921,,
348910,833651,GA,Fulton,Jc08,7,48,50,12,53,578,1009,1873.5809,1105.083821,,
348911,833620,GA,Fulton,Jc09,7,48,50,16,78,707,1306,1923.9786,1228.198751,,
348912,833595,GA,Fulton,Jc10,7,48,50,12,62,516,974,1462.2749,963.0595047,,
348913,833242,GA,Fulton,Jc11,7,48,50,8,42,647,996,2034.9829,1056.561678,,
348914,946349,GA,Fulton,Jc12,7,48,48,11,44,546,752,1902.4972,908.1737881,,
348916,833418,GA,Fulton,Jc13a,7,48,48,10,40,467,555,1596.3162,770.7786591,,
348917,833471,GA,Fulton,Jc13b,7,48,48,,2,44,49,209.4391,83.54882227,,
348918,833534,GA,Fulton,Jc14,7,48,48,16,67,528,802,1625.77,914.158268,,
348919,833427,GA,Fulton,Jc15,7,14,48,1,13,202,439,527.9681,355.1716448,,
348920,833451,GA,Fulton,Jc16,7,14,48,7,50,539,769,1765.5742,1027.344236,,
348922,833543,GA,Fulton,Jc18,7,14,48,23,70,518,661,1961.4037,1056.894649,,
348923,833646,GA,Fulton,Jc19,7,14,51,9,42,228,412,881.7084,534.9996635,,
2206520,1116496,GA,Fulton,Jc19a,7,14,48,14,78,521,779,1838.0505,1087.247389,,
810276,717410,GA,Fulton,Ml01a,7,21,49,15,56,614,716,2107.7576,1019.587503,,
810277,677482,GA,Fulton,Ml01b,7,21,47,2,11,130,103,457.4347,204.3578179,,
2206523,1116497,GA,Fulton,Ml01c,7,21,49,1,4,27,28,104.1318,48.26274625,,
348925,833630,GA,Fulton,Ml02a,7,21,47,6,32,498,405,1837.01,747.6414294,,
348926,833249,GA,Fulton,Ml02b,7,21,47,6,36,397,291,1342.2406,560.1147652,,
348927,833619,GA,Fulton,Ml03,7,21,47,14,67,635,554,2372.736,1014.280427,,
2029400,1088210,GA,Fulton,Ml03a,7,21,47,,3,113,63,361.5695,138.3570624,,
348928,833515,GA,Fulton,Ml04,7,21,47,14,61,719,660,2253.9911,1084.287425,,
348929,833353,GA,Fulton,Ml05,7,21,47,17,96,969,1310,2921.653,1614.25874,,
1812063,990723,GA,Fulton,Ml06a,7,21,47,6,50,367,865,969.7004,665.1073103,,
1812064,990724,GA,Fulton,Ml06b,7,21,47,10,67,578,1122,1697.3663,1112.96913,,
1701095,946351,GA,Fulton,Ml07a,7,21,47,2,9,175,146,616.1775,258.6825864,,
1701096,946352,GA,Fulton,Ml07b,7,21,47,6,32,398,408,1176.9876,571.5930635,,
348932,833628,GA,Fulton,Mp01,7,56,47,4,16,86,59,350.9156,187.3438379,,
348939,833291,GA,Fulton,Pa01,6,38,67,6,64,207,1264,1524.9057,1189.678146,,
348940,833582,GA,Fulton,Rw01,7,56,49,37,128,920,913,3581.4973,1791.126932,,
348941,833552,GA,Fulton,Rw02,7,56,53,31,118,797,986,2930.7359,1616.154587,,
348942,946353,GA,Fulton,Rw03,7,14,51,3,19,91,99,351.0673,182.2971249,,
1701182,833661,GA,Fulton,Rw03a,7,14,51,9,22,93,171,437.7549,263.2057053,,
2206509,652733,GA,Fulton,Rw03b,7,14,53,12,41,354,597,1125.0037,676.8777446,,
2206505,1116498,GA,Fulton,Rw03c,7,14,53,5,41,317,671,981.9532,621.3576685,,
348944,833314,GA,Fulton,Rw04,7,14,51,16,72,317,433,1349.6554,776.7230222,,
348945,833590,GA,Fulton,Rw05,7,14,48,6,43,360,749,1125.1274,725.4830956,,
2206512,1116499,GA,Fulton,Rw05a,7,14,48,2,14,104,362,381.0714,268.4509671,,
348946,833288,GA,Fulton,Rw06,7,14,51,23,91,605,969,1995.4332,1236.520242,,
1820439,833302,GA,Fulton,Rw07a,7,14,51,,9,104,642,492.4082,395.1782363,,
348948,833503,GA,Fulton,Rw07b,7,14,48,,4,95,287,222.4408,147.5093702,,
348949,833654,GA,Fulton,Rw08,7,56,49,15,53,425,531,1748.0039,841.010228,,
348950,833301,GA,Fulton,Rw09,7,56,49,16,77,613,630,2876.2527,1297.408967,,
2029409,1088211,GA,Fulton,Rw09a,7,21,47,11,57,451,474,1776.6243,847.3461197,,
348951,833570,GA,Fulton,Rw10,7,56,53,17,69,431,406,1945.917,927.1509905,,
2206516,1116500,GA,Fulton,Rw10a,7,56,53,7,28,192,169,721.4213,342.0318056,,
348952,833468,GA,Fulton,Rw11a,7,56,53,22,85,490,764,1710.388,983.230319,,
1811004,990211,GA,Fulton,Rw12,7,56,49,21,71,559,542,2201.2703,1108.751944,,
348953,833280,GA,Fulton,Rw12a,7,21,49,20,58,602,806,2327.3489,1236.898022,,
348956,833536,GA,Fulton,Rw13,7,14,48,18,78,652,927,2480.2121,1360.770382,,
348958,833233,GA,Fulton,Rw16,7,56,49,10,37,423,545,1481.5135,796.1675731,,
348959,833382,GA,Fulton,Rw17,7,14,51,19,89,455,890,1809.8467,1180.506124,,
348961,833649,GA,Fulton,Rw19,7,21,47,12,52,467,437,1508.3385,768.1311401,,
348962,833656,GA,Fulton,Rw20,7,14,51,45,172,1265,2437,4366.9931,2702.81015,,
810292,586403,GA,Fulton,Rw21a,7,14,51,27,105,609,743,2285.7677,1153.796381,,
1743923,950944,GA,Fulton,SC211,6,38,68,12,72,65,1086,1108.4011,992.1385911,,
1743924,950945,GA,Fulton,SC212,6,38,68,23,160,133,2326,2363.8543,2131.787336,,
1743925,950946,GA,Fulton,SC30A,6,35,55,4,13,7,38,93.7793,86.33669351,,
1743926,950947,GA,Fulton,SC30B,6,35,55,8,38,22,327,400.743,368.1973767,,
1743927,950948,GA,Fulton,SS19A,7,14,53,13,56,392,1189,1431.4527,1048.14192,,
1743928,950949,GA,Fulton,SS29A,7,14,52,2,10,85,156,249.4164,172.509574,,
1812067,990727,GA,Fulton,Sc01a,6,35,61,3,11,5,117,141.7797,129.6600342,,
1701097,946355,GA,Fulton,Sc01b,6,35,65,18,109,50,894,1336.1761,1233.781557,,
1901688,1011741,GA,Fulton,Sc01c,6,35,61,29,144,60,1017,1651.4628,1528.35369,,
1947904,1067726,GA,Fulton,Sc01d,6,35,65,2,3,6,18,50.2512,45.52561319,,
348966,833284,GA,Fulton,Sc02,6,35,61,11,56,19,161,454.2752,419.228986,,
2206510,1116501,GA,Fulton,Sc02a,6,35,61,5,43,19,258,495.0166,456.3810953,,
1701098,946356,GA,Fulton,Sc05a,6,28,65,4,23,12,336,366.9523,337.0037648,,
1701099,946357,GA,Fulton,Sc05b,6,38,65,10,35,13,501,638.7864,593.0933395,,
2206521,1116502,GA,Fulton,Sc05c,6,28,65,16,113,42,896,1271.7743,1172.72646,,
1820440,993738,GA,Fulton,Sc05d,6,28,65,14,105,36,910,1081.3017,987.5375039,,
1901069,1011447,GA,Fulton,Sc05e,6,28,65,4,20,23,258,349.4373,306.6864657,,
2329888,1142659,GA,Fulton,Sc05g,6,28,65,3,47,58,732,914.6676,832.2323602,,
2341794,1144010,GA,Fulton,Sc05h,6,38,65,1,15,6,152,229.9889,207.8243975,,
810306,946358,GA,Fulton,Sc07a,6,38,67,29,250,227,2752,3368.6359,2975.555038,,
1901689,1011742,GA,Fulton,Sc07c,6,38,68,,,0,1,2.3661,2.198378386,,
2029420,1088212,GA,Fulton,Sc07d,6,38,65,5,40,31,529,490.7401,439.4915447,,
2329896,1142660,GA,Fulton,Sc07f,6,38,67,,1,3,38,44.3045,38.78686234,,
824913,946360,GA,Fulton,Sc08b,6,39,68,12,81,69,1410,1622.8603,1479.324153,,
810308,946361,GA,Fulton,Sc08c,6,38,65,1,4,1,41,57.8663,54.26013287,,
1701100,946362,GA,Fulton,Sc08d,6,39,63,4,19,9,269,282.8176,257.8624866,,
1701101,946363,GA,Fulton,Sc08e,6,38,68,2,14,13,338,317.2739,288.883371,,
1701102,946364,GA,Fulton,Sc08f,6,38,68,2,11,12,319,328.961,302.375322,,
1827720,995905,GA,Fulton,Sc08g,6,38,68,,,1,7,4.1021,3.351161612,,
2244898,1124898,GA,Fulton,Sc08i,6,38,68,,1,0,75,83.6351,75.08821661,,
2244894,1124899,GA,Fulton,Sc08j,6,39,62,,1,2,18,14.7775,13.4220484,,
2329884,1142661,GA,Fulton,Sc08k,6,39,68,4,25,15,362,426.636,391.1359007,,
1701103,946365,GA,Fulton,Sc09a,6,39,63,8,43,32,593,697.7042,638.6423296,,
1701104,946366,GA,Fulton,Sc09b,6,39,69,14,80,33,878,1060.7169,977.257438,,
1901690,1011743,GA,Fulton,Sc09c,6,39,69,8,45,26,613,800.5207,736.0617345,,
810309,833556,GA,Fulton,Sc10,6,39,63,6,28,24,487,544.6923,497.6875196,,
1701105,946367,GA,Fulton,Sc11a,6,39,69,9,35,50,740,817.4374,741.4850039,,
1701106,946368,GA,Fulton,Sc11b,6,39,69,3,39,43,725,866.5563,790.7083038,,
1896808,1011282,GA,Fulton,Sc13,6,28,65,12,129,159,1545,1945.6392,1657.320193,,
348976,833513,GA,Fulton,Sc13a,6,28,67,6,38,31,565,560.762,506.8912489,,
1937048,1063648,GA,Fulton,Sc14a,6,35,60,6,27,22,350,377.2265,346.0861384,,
1896809,1011283,GA,Fulton,Sc15,6,35,65,20,134,112,1875,2151.0052,1937.972946,,
2029414,1088213,GA,Fulton,Sc15a,6,35,65,21,150,47,1118,1690.8022,1569.929851,,
2329897,1142662,GA,Fulton,Sc15b,6,35,65,5,24,16,331,375.4791,344.3621819,,
810312,946370,GA,Fulton,Sc17a,6,38,65,1,13,1,113,111.5504,102.5927822,,
1812068,990728,GA,Fulton,Sc17b,6,38,68,,,0,1,0.3792,0.2694056917,,
1701107,946371,GA,Fulton,Sc17c,6,39,68,7,30,25,394,549.3199,502.9570586,,
2329887,1142663,GA,Fulton,Sc17d,6,39,68,2,7,4,65,64.4249,57.81509246,,
1771378,976471,GA,Fulton,Sc18a,6,38,65,2,27,11,220,282.9659,259.5053412,,
810314,946372,GA,Fulton,Sc18b,6,38,65,16,102,50,783,995.8297,915.1133621,,
1901071,1011449,GA,Fulton,Sc18c,6,38,65,18,102,38,579,1098.4219,1016.012994,,
2206504,1116504,GA,Fulton,Sc18d,6,38,65,2,14,8,155,238.1993,215.8062261,,
348983,946373,GA,Fulton,Sc19a,6,39,65,1,10,8,70,117.1198,106.8786546,,
1701108,946374,GA,Fulton,Sc19b,6,39,62,4,26,13,381,455.0972,413.7196531,,
2329886,1142664,GA,Fulton,Sc19c,6,39,62,2,14,10,115,126.5545,114.9711471,,
1901072,1011450,GA,Fulton,Sc20,6,35,65,31,171,43,968,1585.2791,1467.615184,,
2329899,1142665,GA,Fulton,Sc20a,6,35,65,6,15,0,65,121.1512,114.6890451,,
1701110,946376,GA,Fulton,Sc23a,6,39,69,11,101,69,1672,1707.773,1560.963529,,
1701111,946377,GA,Fulton,Sc23b,6,39,69,4,20,14,245,263.3621,238.9739835,,
1901073,1011451,GA,Fulton,Sc23c,6,39,69,11,66,34,914,1006.155,926.657558,,
2329889,1142666,GA,Fulton,Sc23d,6,39,69,1,6,3,101,121.0655,109.4650931,,
348986,833690,GA,Fulton,Sc27,6,39,63,11,57,37,759,1105.592,1021.930963,,
810316,946378,GA,Fulton,Sc29a,6,38,69,9,55,64,847,922.1384,825.5135582,,
2329898,1142667,GA,Fulton,Sc29c,6,38,69,3,25,25,430,467.7785,423.4523026,,
2041885,1092889,GA,Fulton,Sc31,6,35,61,19,159,61,1180,1639.1159,1516.140733,,
2041886,1092890,GA,Fulton,Sc32,6,35,61,24,115,42,731,1336.0646,1243.1126,,
348989,833387,GA,Fulton,Ss01,7,14,51,30,120,614,611,2570.9556,1364.948941,,
2206506,1116505,GA,Fulton,Ss01a,7,14,51,7,22,205,319,821.6319,446.3784835,,
348990,833667,GA,Fulton,Ss02a,7,14,53,10,39,179,383,730.311,462.266752,,
348991,833312,GA,Fulton,Ss02b,7,14,52,6,42,164,496,695.6417,509.7385636,,
348992,833518,GA,Fulton,Ss03,7,14,52,4,19,155,233,494.0463,311.5742566,,
2206518,1116506,GA,Fulton,Ss03a,7,14,52,11,27,163,308,512.4893,325.9257709,,
348993,833403,GA,Fulton,Ss04,7,14,52,21,107,606,1443,2041.7145,1409.486574,,
2206508,1116507,GA,Fulton,Ss04a,7,14,52,2,3,19,65,88.6916,62.7068137,,
348994,833263,GA,Fulton,Ss05,7,14,53,20,66,393,377,1364.2125,796.2854571,,
348995,833681,GA,Fulton,Ss06,6,14,52,11,39,268,263,791.2759,440.4968014,,
2341784,1144012,GA,Fulton,Ss06a,7,14,52,9,28,141,123,468.2526,293.8450837,,
348996,833584,GA,Fulton,Ss07a,7,14,52,13,42,220,310,866.8915,482.2649617,,
348997,833399,GA,Fulton,Ss07b,6,14,52,4,22,140,397,544.1676,377.8770675,,
348998,833254,GA,Fulton,Ss07c,6,14,52,5,20,160,251,512.4644,312.7326764,,
2257767,1126893,GA,Fulton,Ss07d,6,14,54,,,1,2,1.1364,0.802293675,,
348999,833318,GA,Fulton,Ss08a,6,14,52,11,55,246,870,922.08,692.5696793,,
349000,833349,GA,Fulton,Ss08b,6,14,52,4,23,148,206,463.5216,274.4549416,,
349001,586424,GA,Fulton,Ss08c,7,14,52,4,25,133,352,374.1027,279.671802,,
1812069,990729,GA,Fulton,Ss08d,6,14,52,18,58,189,673,762.5664,574.5842523,,
2206525,1116508,GA,Fulton,Ss08e,7,14,52,2,14,68,145,229.6085,159.3895579,,
1811005,990212,GA,Fulton,Ss09a,6,38,53,38,147,507,581,2213.9,1200.922796,,
1811006,990213,GA,Fulton,Ss09b,6,38,53,29,151,686,787,2586.1579,1452.400541,,
349004,833672,GA,Fulton,Ss11a,6,14,54,31,110,611,1434,2026.1607,1366.130735,,
349005,833624,GA,Fulton,Ss11b,6,38,54,12,40,201,577,647.7347,467.9154345,,
349006,677449,GA,Fulton,Ss11c,6,14,54,4,10,37,228,166.9421,136.6476304,,
349007,833407,GA,Fulton,Ss11d,6,38,54,6,17,97,109,269.2495,169.4730123,,
349008,833239,GA,Fulton,Ss12,6,14,54,23,83,569,899,1833.0861,1111.324404,,
349009,833673,GA,Fulton,Ss13a,6,14,54,10,45,435,633,1076.8869,643.0832553,,
349010,648412,GA,Fulton,Ss13b,6,38,54,13,42,318,583,794.4892,515.1648606,,
349011,833333,GA,Fulton,Ss14,6,14,54,9,34,335,273,1058.4704,540.456078,,
349012,833424,GA,Fulton,Ss15a,7,14,51,5,17,68,307,283.2238,217.245556,,
349013,833363,GA,Fulton,Ss15b,7,14,51,9,37,251,635,824.5682,577.0510308,,
2334212,1142966,GA,Fulton,Ss15c,7,14,51,7,36,117,808,633.6758,525.794198,,
349014,833561,GA,Fulton,Ss16,7,38,53,15,69,418,380,1551.5676,843.6784321,,
349015,833285,GA,Fulton,Ss17,7,14,51,26,95,565,966,2169.1116,1215.309826,,
349016,833676,GA,Fulton,Ss18a,7,14,53,2,15,81,94,288.0212,168.4978067,,
349017,592436,GA,Fulton,Ss18b,7,14,53,1,7,38,50,162.2524,92.92272498,,
2206514,1116509,GA,Fulton,Ss18c,7,14,53,4,8,49,58,179.4344,104.93071,,
1701112,946380,GA,Fulton,Ss19b,7,14,53,9,63,345,896,1171.5917,819.7812626,,
349019,833575,GA,Fulton,Ss20,7,14,51,13,61,317,917,1141.6722,799.0853826,,
349020,833271,GA,Fulton,Ss22,7,14,53,13,54,348,840,1424.4896,850.306573,,
349022,833698,GA,Fulton,Ss26,7,14,51,14,87,312,1465,1452.8485,1169.387306,,
2334215,1142967,GA,Fulton,Ss29c,7,14,52,19,83,474,1039,1442.754,959.4440522,,
349024,833495,GA,Fulton,Ss31,6,14,52,25,85,302,578,1079.8816,710.3676517,,
1701113,946381,GA,Fulton,Uc01a,6,38,68,8,56,66,1485,1284.5179,1160.87266,,
1771379,976472,GA,Fulton,Uc01b,6,39,63,,5,6,196,134.4379,119.6655086,,
1812072,990732,GA,Fulton,Uc01e,6,38,65,2,20,12,245,303.8449,279.9832076,,
1701114,946382,GA,Fulton,Uc02a,6,28,65,,8,8,135,120.1617,108.8551957,,
2029415,1088214,GA,Fulton,Uc02c,6,38,67,,2,1,49,39.5957,36.27393121,,
2244895,1124900,GA,Fulton,Uc02d,6,38,67,14,103,126,2092,2040.0178,1814.468734,,
2206513,1116510,GA,Fulton,Uc02e,6,28,67,1,3,10,74,51.3933,44.44755487,,
2341793,1144014,GA,Fulton,Uc02f,6,38,65,4,24,17,305,335.2674,301.3264722,,
2341788,1144015,GA,Fulton,Uc02g,6,38,67,15,151,117,2064,2269.3579,2076.112971,,
1701115,946383,GA,Fulton,Uc031,6,38,68,15,80,110,1350,1457.0622,1211.46596,,
349028,626447,GA,Gilmer,1,9,51,7,2,15,153,172,1977.2018,427.0067,,
349033,663564,GA,Gilmer,2,9,51,7,2,11,62,58,1213.422,194.7621483,,
349034,677513,GA,Gilmer,3,9,51,7,2,5,90,86,1167.9723,212.6911626,,
349035,632964,GA,Gilmer,4,9,51,7,1,5,53,44,902.2933,142.5617588,,
349036,620492,GA,Gilmer,5,9,51,7,1,20,158,136,1992.1924,400.0535574,,
349037,628667,GA,Gilmer,6,9,51,7,1,8,39,33,637.905,129.4644876,,
349038,680391,GA,Gilmer,7,9,51,7,4,12,56,48,1079.5163,196.6086888,,
349039,710769,GA,Gilmer,8,9,51,7,2,8,54,38,821.556,143.1097842,,
349040,677508,GA,Gilmer,9,9,51,7,2,6,85,97,1151.219,217.5619301,,
349029,668732,GA,Gilmer,10,9,51,7,2,5,73,70,1088.2197,194.9030404,,
349030,640752,GA,Gilmer,11,9,51,7,1,5,46,31,946.6497,162.0899076,,
349031,721720,GA,Gilmer,12,9,51,7,3,13,74,50,1111.57,191.0020092,,
349032,586464,GA,Gilmer,13,9,51,7,1,15,82,80,1285.0476,253.449143,,
349041,660785,GA,Glascock,Edgh,12,23,128,,,7,8,126.6969,10.09236516,,
349042,660721,GA,Glascock,Gibs,12,23,128,,1,26,26,406.5772,41.96021886,,
349043,833497,GA,Glascock,Mill,12,23,128,,1,24,12,495.5192,39.15466943,,
349044,656967,GA,Glascock,Mitc,12,23,128,,1,20,19,348.7002,29.53957533,,
2308880,1139737,GA,Glynn,101mar,1,3,180,8,42,297,434,2506.0621,738.6311193,,
2308878,1139738,GA,Glynn,102bly,1,3,179,3,11,137,199,1323.2239,311.5113963,,
2308885,1139739,GA,Glynn,103brk,1,3,167,5,17,169,338,1455.2358,482.5844368,,
2308883,1139740,GA,Glynn,104ji,1,3,180,11,27,60,73,514.8736,196.3752044,,
2308875,1139741,GA,Glynn,201nsi,1,3,179,16,75,432,352,3886.09,1121.640016,,
2308874,1139742,GA,Glynn,202csi,1,3,179,42,107,432,387,4295.0459,1220.925735,,
2308871,1139743,GA,Glynn,203ssi,1,3,179,32,89,346,296,2841.7955,881.4132178,,
2308873,1139744,GA,Glynn,301cog,1,3,167,9,37,306,629,2811.448,817.6581968,,
2308886,1139745,GA,Glynn,302hld,1,3,167,13,39,434,1032,3064.5253,1121.547867,,
2308869,1139746,GA,Glynn,303ngy,1,3,167,18,61,431,635,2660.9704,913.6668901,,
2308882,1139747,GA,Glynn,304bal,1,3,179,5,28,258,560,1574.1807,563.9571993,,
2308877,1139748,GA,Glynn,401cst,1,3,179,17,65,313,1143,2370.4696,1110.678773,,
2308879,1139749,GA,Glynn,402the,1,3,179,8,39,197,727,1257.1743,683.1176018,,
2308881,1139750,GA,Glynn,500cpm,1,3,179,6,39,125,622,997.4435,573.8012688,,
2308872,1139751,GA,Glynn,501hcp,1,3,179,10,85,198,745,1315.5719,733.189687,,
2308876,1139752,GA,Glynn,502upp,1,3,179,11,53,174,1307,1110.741,899.536264,,
2308884,1139753,GA,Glynn,504aro,1,3,179,5,13,102,466,628.0598,314.8149633,,
349067,657071,GA,Gordon,1054,11,52,5,,3,38,36,933.127,125.3824416,,
349068,632965,GA,Gordon,1055,11,52,5,1,5,66,89,1173.0344,183.220628,,
349069,663569,GA,Gordon,1056,11,54,5,,11,208,229,3401.2927,526.3935941,,
349071,640828,GA,Gordon,1063,11,54,6,,2,42,36,710.1297,100.5246622,,
349072,657104,GA,Gordon,1064,11,52,5,1,3,30,26,442.8397,78.90253314,,
349073,586487,GA,Gordon,1235,11,54,6,1,3,43,44,882.2238,127.5482539,,
349075,614105,GA,Gordon,849-A,11,54,5,1,19,265,391,3307.5719,629.6338902,,
349076,657056,GA,Gordon,849-B,11,54,5,10,64,655,1140,5315.4038,1322.95559,,
349077,695817,GA,Gordon,856,11,52,5,1,10,72,84,1165.4436,180.6570222,,
349078,717386,GA,Gordon,874,11,54,5,,5,67,58,1290.2742,176.9842688,,
349079,680381,GA,Gordon,973,11,54,5,1,9,101,140,1844.2636,298.332577,,
349080,594586,GA,Gordon,980,11,54,5,,2,58,69,829.4637,127.8118456,,
349081,721748,GA,Grady,B,2,11,171,,4,38,49,500.329,83.81012937,,
349082,717426,GA,Grady,C04,2,11,173,2,20,178,1015,1079.0261,740.3393569,,
349083,657115,GA,Grady,C05,2,11,173,3,18,182,620,1212.0857,473.4904068,,
349084,630798,GA,Grady,D,2,11,173,,2,41,77,310.6043,98.13560985,,
349085,682693,GA,Grady,H,2,11,171,,7,67,142,545.6796,167.7368259,,
349086,682710,GA,Grady,L,2,11,171,,,17,29,209.6872,39.83317968,,
349087,710840,GA,Grady,M,2,11,173,,4,95,160,799.0076,186.8159077,,
349088,717422,GA,Grady,P,2,11,173,1,2,69,190,487.9439,146.2191725,,
349089,640750,GA,Grady,R,2,11,171,1,5,30,79,326.3591,94.86250177,,
349090,657035,GA,Grady,S,2,11,171,,2,33,41,428.3249,67.72797129,,
349091,709094,GA,Grady,Sh,2,11,171,,1,25,36,365.6802,53.65868133,,
349092,660805,GA,Grady,W,2,11,171,,2,59,158,641.3631,147.2112895,,
349093,628627,GA,Grady,Wl,2,11,173,,8,98,168,1326.4722,243.3417175,,
349094,682703,GA,Greene,1,10,24,124,5,43,287,1131,2382.5467,1161.118737,,
349097,710811,GA,Greene,4,10,24,124,1,8,151,567,1061.792,524.3282158,,
349098,709106,GA,Greene,5,10,24,124,2,5,89,300,571.7788,284.3266439,,
349099,710829,GA,Greene,6,10,24,124,,2,19,107,246.766,119.3070998,,
349101,694121,GA,Greene,8,10,24,124,24,83,718,532,6859.9218,1777.656749,,
349102,689796,GA,Gwinnett,1,10,46,111,23,138,1232,3704,4645.4606,2816.649599,,
349172,628633,GA,Gwinnett,2,13,43,95,11,91,293,2001,1957.8023,1499.900036,,
349183,618429,GA,Gwinnett,3,10,46,105,12,82,927,2242,2873.1898,1733.859932,,
349194,704509,GA,Gwinnett,4,9,45,99,4,22,379,845,1256.2383,694.6237252,,
349205,616294,GA,Gwinnett,5,13,9,110,11,71,432,1114,1761.5133,1010.343259,,
349216,594609,GA,Gwinnett,6,9,7,107,11,77,579,1634,2041.4538,1221.698269,,
349227,694162,GA,Gwinnett,7,4,7,99,23,111,896,2287,3231.6638,1990.466775,,
349238,660787,GA,Gwinnett,8,9,45,104,11,77,671,1196,3173.7738,1398.662282,,
349249,632960,GA,Gwinnett,9,9,45,103,14,72,811,1330,3755.7325,1529.988622,,
349103,648408,GA,Gwinnett,10,13,55,110,6,47,366,882,1561.6304,837.6344866,,
349114,657061,GA,Gwinnett,11,13,9,108,5,50,448,1185,1298.2083,836.3883654,,
349125,626476,GA,Gwinnett,12,13,9,88,19,94,773,2787,2467.2943,1743.227663,,
349136,677433,GA,Gwinnett,13,9,45,104,5,38,446,721,1942.2004,816.5542828,,
349147,594602,GA,Gwinnett,14,13,9,108,11,84,593,1020,2198.9196,1160.416826,,
349158,694167,GA,Gwinnett,15,13,9,102,14,76,651,1773,2053.0914,1235.140461,,
349168,620513,GA,Gwinnett,16,13,9,102,30,116,684,2576,2697.6211,1879.73707,,
349169,657059,GA,Gwinnett,17,13,5,109,9,34,418,1669,1304.2049,964.9412195,,
349170,682668,GA,Gwinnett,18,13,5,106,6,52,426,1405,1348.1419,893.3259626,,
349171,679605,GA,Gwinnett,19,13,9,106,8,56,521,1266,1459.0195,898.6570675,,
349173,689800,GA,Gwinnett,20,4,5,96,4,53,336,1351,1036.9349,777.2883511,,
349174,630787,GA,Gwinnett,21,4,5,98,12,60,465,1578,1245.0958,904.5497534,,
349175,632930,GA,Gwinnett,22,4,40,97,8,51,347,692,1445.8679,785.865973,,
349176,721732,GA,Gwinnett,23,4,5,98,6,33,252,1134,800.9498,577.1712339,,
349177,586410,GA,Gwinnett,24,9,45,103,5,42,669,1264,2233.8155,1035.176131,,
349178,679619,GA,Gwinnett,25,9,48,100,14,86,1037,1753,3421.4776,1627.064183,,
349179,656979,GA,Gwinnett,26,9,7,103,11,82,781,2092,2451.4239,1502.47066,,
349180,695820,GA,Gwinnett,27,9,45,105,9,62,767,1399,2805.0661,1400.893518,,
349181,626518,GA,Gwinnett,28,9,45,104,11,94,961,2080,3810.1985,1948.801683,,
349182,679629,GA,Gwinnett,29,13,9,108,4,25,252,442,938.6235,452.9682202,,
349184,709098,GA,Gwinnett,30,13,55,93,11,68,308,1391,1502.3754,1006.842776,,
349185,648440,GA,Gwinnett,31,9,45,105,4,45,490,1059,1787.7483,907.1967443,,
349186,592426,GA,Gwinnett,32,13,9,108,9,68,505,1113,1755.3664,1018.692707,,
349187,614057,GA,Gwinnett,33,13,9,108,6,23,411,752,1344.8944,730.3501126,,
349188,663562,GA,Gwinnett,34,13,9,108,5,26,411,1095,1037.1472,653.5407221,,
349189,677463,GA,Gwinnett,35,13,55,94,13,72,625,1796,2259.797,1389.662552,,
349190,594567,GA,Gwinnett,36,13,55,94,9,73,490,1167,1970.4568,1124.856602,,
349191,636992,GA,Gwinnett,37,4,40,97,2,20,235,893,712.8657,502.7436849,,
349192,620562,GA,Gwinnett,38,4,5,96,5,38,388,1268,1107.8209,739.3870899,,
349193,652642,GA,Gwinnett,39,9,45,30,13,89,1159,1815,4630.0028,1941.880078,,
349195,650480,GA,Gwinnett,40,4,7,97,20,106,747,1570,2947.9134,1635.721725,,
349196,654811,GA,Gwinnett,41,13,43,112,18,118,676,3170,3213.7569,2288.390236,,
349197,695818,GA,Gwinnett,42,9,45,102,3,34,434,1065,1629.1979,829.0204869,,
349198,614117,GA,Gwinnett,43,4,5,109,2,28,286,1252,897.0154,665.9001634,,
349199,618435,GA,Gwinnett,44,13,55,95,17,102,428,2290,2011.4693,1510.927501,,
349200,640821,GA,Gwinnett,45,13,55,94,18,88,345,1444,1812.6296,1287.550835,,
349201,665719,GA,Gwinnett,46,13,55,95,9,30,253,612,1037.3765,515.3421657,,
349202,620556,GA,Gwinnett,47,13,9,106,12,71,540,999,1959.138,1056.543163,,
349203,663547,GA,Gwinnett,48,4,7,96,7,51,639,1216,1844.1734,992.3315138,,
349204,652669,GA,Gwinnett,49,13,55,94,8,50,307,920,1134.5916,702.3999917,,
349206,652720,GA,Gwinnett,50,4,5,96,5,32,398,1138,921.8859,614.6836472,,
349207,630777,GA,Gwinnett,51,4,5,98,6,32,251,1066,751.6596,581.4671619,,
349208,628656,GA,Gwinnett,52,13,55,108,14,58,349,791,1540.2904,843.6318109,,
349209,710759,GA,Gwinnett,53,13,55,95,8,58,458,1935,1807.2386,1271.976811,,
349210,636969,GA,Gwinnett,54,9,48,100,8,58,763,1171,3155.7261,1324.517738,,
349211,640774,GA,Gwinnett,55,9,45,103,8,49,647,1228,2568.1903,1124.280432,,
349212,652707,GA,Gwinnett,56,4,7,97,6,35,335,694,1186.7834,636.0073572,,
349213,626481,GA,Gwinnett,57,4,7,97,13,100,946,2076,2417.1668,1503.90267,,
349214,614058,GA,Gwinnett,58,4,5,98,6,49,405,1650,1280.563,911.8802428,,
349215,677442,GA,Gwinnett,59,4,40,97,7,76,412,1859,1464.7093,1109.324792,,
349217,657043,GA,Gwinnett,60,9,5,102,7,51,393,2209,1748.419,1269.70585,,
349218,616290,GA,Gwinnett,61,13,5,106,5,35,309,831,1247.0789,653.3663524,,
349219,660746,GA,Gwinnett,62,4,7,48,12,51,295,324,1751.5005,771.0766882,,
349220,626484,GA,Gwinnett,63,4,7,48,16,42,392,458,2095.0241,889.3095214,,
349221,636923,GA,Gwinnett,64,13,55,94,20,82,315,1541,1778.871,1322.319449,,
349222,594619,GA,Gwinnett,65,4,9,98,5,25,346,883,861.7912,544.5311395,,
349223,592400,GA,Gwinnett,66,4,5,98,8,46,348,1364,1145.5541,821.7790865,,
349224,652742,GA,Gwinnett,67,9,45,105,11,96,1082,2799,3141.0149,1846.686337,,
349225,640780,GA,Gwinnett,68,13,9,94,14,81,561,1549,2099.5379,1273.684576,,
349226,614059,GA,Gwinnett,69,13,9,94,17,73,437,1507,1887.6188,1193.471293,,
349228,614111,GA,Gwinnett,70,9,7,103,11,78,588,1125,2246.7937,1119.608974,,
349229,606261,GA,Gwinnett,71,9,5,102,8,85,446,2270,1997.2931,1469.103016,,
349230,717397,GA,Gwinnett,72,4,5,109,8,62,457,2434,1621.847,1289.759935,,
349231,648391,GA,Gwinnett,73,4,40,48,5,49,276,671,1187.2806,674.8028168,,
349232,618439,GA,Gwinnett,74,4,5,109,2,26,160,975,656.2903,512.0982519,,
349233,640725,GA,Gwinnett,75,13,55,95,32,193,448,2794,2853.9675,2272.175849,,
349234,689781,GA,Gwinnett,76,13,43,93,15,95,359,2004,2078.8343,1530.491203,,
349235,672052,GA,Gwinnett,77,9,7,107,16,107,958,2699,2755.0269,1806.883841,,
349236,636959,GA,Gwinnett,78,13,9,102,5,84,755,2088,2407.7025,1541.50783,,
349237,592462,GA,Gwinnett,79,13,9,108,7,39,501,968,1656.8226,918.7740949,,
349239,632956,GA,Gwinnett,80,13,9,110,29,169,789,3367,3803.1242,2554.344284,,
349240,632946,GA,Gwinnett,81,13,55,93,10,81,528,1928,2230.4541,1420.027792,,
349241,632921,GA,Gwinnett,82,4,7,97,17,106,820,2255,2517.2945,1668.416341,,
349242,652723,GA,Gwinnett,83,9,7,107,10,51,797,1712,2265.878,1290.231735,,
349243,680386,GA,Gwinnett,84,13,9,106,5,50,467,1654,1506.5718,1053.030037,,
349244,680390,GA,Gwinnett,85,9,7,107,14,71,708,1476,2368.2552,1284.088545,,
349245,695798,GA,Gwinnett,86,4,5,109,2,29,357,1277,1005.1227,706.326231,,
349246,710765,GA,Gwinnett,87,4,5,96,6,42,643,1663,1654.7899,1038.374338,,
349247,626448,GA,Gwinnett,88,13,55,95,15,78,372,2293,2015.5386,1534.07939,,
349248,640813,GA,Gwinnett,89,9,45,103,14,63,706,1349,2323.6383,1180.025424,,
349250,620576,GA,Gwinnett,90,9,7,102,7,61,515,1425,1603.8097,991.9369725,,
349251,592433,GA,Gwinnett,91,13,9,110,17,107,715,2229,2931.1995,1860.460594,,
349252,644646,GA,Gwinnett,92,13,9,108,12,53,441,891,1751.0637,922.0811479,,
349253,616295,GA,Gwinnett,93,13,9,108,12,67,710,1326,2431.7937,1322.010204,,
349254,644667,GA,Gwinnett,94,13,9,106,8,49,388,799,1543.76,760.5786118,,
349255,636979,GA,Gwinnett,95,4,7,96,14,92,815,3530,2509.0118,1901.532838,,
349256,636946,GA,Gwinnett,96,4,7,99,8,44,533,1008,1802.533,919.3720989,,
349257,620508,GA,Gwinnett,97,9,7,107,17,93,968,2063,2830.2454,1624.37142,,
349258,694194,GA,Gwinnett,98,9,7,107,10,48,539,1209,1665.5499,1001.757567,,
349259,586453,GA,Gwinnett,99,4,7,96,7,39,703,1515,1672.8988,1019.703585,,
349104,660779,GA,Gwinnett,100,9,45,99,14,72,833,1349,2731.9594,1418.211169,,
349105,626533,GA,Gwinnett,101,4,40,97,9,32,250,690,1020.5712,596.3863718,,
349106,620559,GA,Gwinnett,102,9,45,103,9,33,460,726,1829.7379,755.4737825,,
349107,673716,GA,Gwinnett,103,13,9,109,5,38,440,1529,1297.2227,893.032133,,
349108,660798,GA,Gwinnett,104,13,43,93,27,158,470,3364,3105.3283,2447.611716,,
349109,657038,GA,Gwinnett,105,9,48,99,7,50,709,1074,2304.835,1053.077493,,
349110,672045,GA,Gwinnett,106,9,7,99,15,100,1121,2437,3293.7221,1827.639493,,
349111,614125,GA,Gwinnett,107,13,9,108,5,31,259,529,891.6718,491.7312071,,
349112,710837,GA,Gwinnett,108,13,43,110,7,62,564,2160,2131.5785,1445.153978,,
349113,670378,GA,Gwinnett,109,13,9,108,8,37,360,786,1282.5043,718.9351955,,
349115,695809,GA,Gwinnett,110,13,5,107,1,23,344,1138,995.6497,682.5847982,,
349116,654835,GA,Gwinnett,111,4,7,97,9,48,563,1202,1748.1946,974.6969984,,
349117,586463,GA,Gwinnett,112,13,55,108,14,67,462,896,1999.8601,1052.968305,,
349118,677479,GA,Gwinnett,113,4,5,98,2,23,315,774,821.9887,509.5154599,,
349119,656964,GA,Gwinnett,114,4,7,96,17,90,621,1478,2207.1865,1251.550422,,
349120,694147,GA,Gwinnett,115,13,5,106,11,59,906,2215,2327.8494,1472.651374,,
349121,614113,GA,Gwinnett,116,13,5,109,8,70,648,2146,1708.7654,1176.853003,,
349122,637010,GA,Gwinnett,117,4,5,109,5,50,557,2183,1572.9635,1139.232407,,
349123,680400,GA,Gwinnett,118,13,55,94,4,44,309,680,1062.7509,607.6098491,,
349124,618399,GA,Gwinnett,119,13,9,108,8,47,398,773,1588.0242,805.4991253,,
349126,594594,GA,Gwinnett,120,13,9,108,1,22,234,604,630.6358,397.9364524,,
349127,636985,GA,Gwinnett,121,4,7,97,13,64,646,1135,2294.5021,1257.393649,,
349128,656978,GA,Gwinnett,122,13,43,95,24,191,414,3257,2972.9508,2313.824276,,
349129,650521,GA,Gwinnett,123,4,5,98,7,37,357,1454,1105.6332,797.3000569,,
349130,660752,GA,Gwinnett,124,9,7,107,6,55,320,1223,1182.5883,816.7779992,,
349131,657023,GA,Gwinnett,125,4,7,48,9,35,266,247,1399.2353,614.8789602,,
349132,694184,GA,Gwinnett,126,4,40,48,10,64,343,437,1973.3476,925.2518504,,
349133,654830,GA,Gwinnett,127,13,9,106,4,39,302,1084,1100.3177,744.5466075,,
349134,699818,GA,Gwinnett,128,9,7,107,11,48,541,1145,1623.4992,948.0829745,,
349135,717406,GA,Gwinnett,129,9,45,104,10,75,1024,1776,3953.7785,1782.985013,,
349137,636981,GA,Gwinnett,130,9,48,100,11,60,901,1219,2926.637,1328.911357,,
349138,682664,GA,Gwinnett,131,9,48,99,15,66,740,1076,2655.2266,1257.284746,,
349139,679613,GA,Gwinnett,132,9,7,105,12,50,533,1226,1841.6906,1047.257938,,
349140,594612,GA,Gwinnett,133,10,46,111,5,76,707,1577,2810.2451,1385.86169,,
349141,657021,GA,Gwinnett,134,13,9,110,17,127,494,2749,2766.2601,2005.267292,,
349142,715742,GA,Gwinnett,135,9,45,104,4,46,623,1006,2019.3063,923.5876318,,
349143,694176,GA,Gwinnett,136,9,45,105,10,56,861,1895,2762.7583,1455.103623,,
349144,710836,GA,Gwinnett,137,9,45,105,13,69,801,1523,2725.6517,1369.947056,,
349145,650531,GA,Gwinnett,138,4,7,99,22,101,1027,1814,2758.7795,1470.694348,,
349146,670404,GA,Gwinnett,139,13,9,106,15,92,823,3320,2657.4993,1967.377913,,
349148,680378,GA,Gwinnett,140,9,48,100,15,66,653,782,2548.6165,1051.887797,,
349149,628666,GA,Gwinnett,141,9,48,100,6,34,430,597,1796.8759,761.6088948,,
349150,652703,GA,Gwinnett,142,9,45,99,10,61,850,1523,2249.3652,1256.003232,,
349151,594616,GA,Gwinnett,143,13,9,106,21,94,748,2326,2712.3452,1747.870741,,
349152,632955,GA,Gwinnett,144,9,5,102,17,136,1026,4186,3443.3615,2565.127862,,
349153,684341,GA,Gwinnett,145,13,43,110,21,176,864,4746,4480.5839,3318.201712,,
349154,594617,GA,Gwinnett,146,13,9,110,16,150,1028,3987,4743.6444,3075.310839,,
349155,677470,GA,Gwinnett,147,9,9,110,13,88,813,2831,3079.8477,2000.780587,,
349156,614127,GA,Gwinnett,148,13,9,108,7,33,309,594,978.1415,517.9465366,,
349157,670400,GA,Gwinnett,149,9,7,107,8,59,440,889,1436.5323,799.1270676,,
349159,670420,GA,Gwinnett,150,4,7,96,7,39,304,1242,911.8973,677.4330349,,
349160,657077,GA,Gwinnett,151,10,46,111,11,59,482,1181,1953.5035,1034.005327,,
349161,694192,GA,Gwinnett,152,9,45,105,12,91,828,1798,3095.234,1661.193404,,
349162,594572,GA,Gwinnett,153,13,9,106,7,35,383,1056,1160.5079,700.2831188,,
349163,620582,GA,Gwinnett,154,9,45,105,10,30,534,989,2040.7418,932.3911827,,
349164,709100,GA,Gwinnett,155,9,7,99,19,74,744,1717,2286.2721,1329.351878,,
349165,657110,GA,Gwinnett,156,13,43,93,19,116,453,2601,2627.9688,1910.736079,,
349260,636976,GA,Habersham,1,9,50,10,15,63,573,531,9989.2201,1665.155539,,
349266,684368,GA,Habersham,2,9,50,10,6,44,612,699,7629.1166,1384.319058,,
349267,586492,GA,Habersham,3,9,50,10,,4,54,63,632.5065,124.6822229,,
349268,648401,GA,Habersham,4,9,50,32,1,1,50,53,462.2128,96.22017462,,
349274,592474,GA,Hall,1,7,49,29,18,66,517,570,3505.2185,998.847327,,
349285,652652,GA,Hall,2,9,49,29,9,47,572,1025,1946.643,816.8737934,,
349307,660768,GA,Hall,3,9,49,29,3,28,377,869,1702.8316,695.7627333,,
349308,632959,GA,Hall,4,7,49,29,4,23,342,420,2847.1277,704.3975563,,
349309,640764,GA,Hall,5,7,49,30,12,46,428,668,3369.8793,968.5066428,,
349310,654857,GA,Hall,6,7,49,30,5,26,349,649,2309.8608,735.2382934,,
349311,632927,GA,Hall,7,7,49,100,8,40,434,660,3597.8982,966.9141139,,
349312,650499,GA,Hall,8,9,49,30,3,28,233,390,2672.4803,580.1575098,,
349275,672054,GA,Hall,9,9,49,30,11,44,468,867,2967.4386,897.8823842,,
349276,679650,GA,Hall,10,9,49,30,2,23,466,686,3048.2633,834.3938673,,
349277,677490,GA,Hall,11,9,50,31,5,48,768,1572,2496.2083,1079.461787,,
349278,636930,GA,Hall,12,9,49,27,4,23,265,504,2270.3236,580.0984557,,
349280,636908,GA,Hall,13,9,49,27,4,13,147,285,2190.1295,411.6425929,,
349281,654823,GA,Hall,14,9,49,27,1,8,90,103,2456.4726,341.8586981,,
349282,682709,GA,Hall,15,9,49,27,1,8,118,122,2107.3559,312.4542186,,
349283,657006,GA,Hall,16,7,49,27,9,34,288,416,3937.8918,838.0368967,,
349284,614026,GA,Hall,17,7,49,27,3,21,186,254,2771.8987,586.9889361,,
349286,679640,GA,Hall,18,7,49,28,4,32,179,246,2365.1904,510.3014168,,
349287,660816,GA,Hall,19,9,49,27,5,21,209,257,2698.8182,558.0908578,,
349288,715735,GA,Hall,20,9,49,27,13,39,193,268,2840.5081,620.7860619,,
349289,592393,GA,Hall,21,9,49,29,4,41,343,566,2192.0021,692.6815225,,
349290,632950,GA,Hall,22,9,49,29,4,51,299,1440,1234.155,909.8297361,,
349291,620490,GA,Hall,23,9,49,29,4,35,586,1210,1772.7727,826.5309849,,
349292,650507,GA,Hall,24,9,49,29,11,41,280,534,1544.5962,545.5810816,,
349293,656973,GA,Hall,25,9,49,27,6,19,119,213,729.8891,237.5855742,,
349294,657004,GA,Hall,26,9,50,27,,1,43,71,739.6645,124.8388772,,
349295,650516,GA,Hall,27,9,49,27,3,13,139,160,2767.5678,429.9912662,,
349297,586387,GA,Hall,28,9,49,30,18,85,703,1073,6614.4262,1841.713146,,
349298,620503,GA,Hall,29,7,49,103,6,30,416,600,2548.0852,796.1327847,,
349300,689803,GA,Hall,30,7,49,30,5,31,319,554,2767.8616,769.9622869,,
349301,682715,GA,Hall,31,7,49,103,11,51,358,486,2915.0097,859.6471315,,
349313,614124,GA,Hancock,01a,10,26,128,1,16,114,241,789.9539,381.8672576,,
349314,586454,GA,Hancock,01b,10,26,128,2,8,44,254,351.5882,279.1001584,,
349315,650484,GA,Hancock,02a,10,26,128,1,7,69,424,564.8593,438.5111606,,
349316,668729,GA,Hancock,02b,10,26,128,1,5,16,208,296.2437,236.6367131,,
349317,695781,GA,Hancock,03a,10,26,128,,1,10,161,203.1899,164.0453208,,
349318,670382,GA,Hancock,03b,10,26,128,,6,52,321,418.2824,321.4364134,,
1827721,995906,GA,Hancock,03c,10,26,128,,1,24,49,232.3201,93.68834149,,
1827722,995907,GA,Hancock,04a,10,26,128,1,11,61,414,570.1621,452.256841,,
1827723,995908,GA,Hancock,04b,10,26,128,1,5,37,141,249.6228,167.9554934,,
1827724,995909,GA,Hancock,04c,10,26,128,,6,12,43,86.885,67.44745207,,
349324,663532,GA,Haralson,2,3,30,18,3,22,320,420,4070.5261,639.6266851,,
349325,594589,GA,Haralson,3,3,30,18,2,7,78,61,1581.0604,183.2217889,,
349326,648406,GA,Haralson,4,3,30,18,,3,35,30,664.687,74.99635981,,
349327,620561,GA,Haralson,5,3,30,18,,2,43,38,1030.7918,106.0741163,,
349328,636940,GA,Haralson,6,3,30,18,3,4,22,16,563.0442,58.61072305,,
349329,650551,GA,Haralson,7,3,30,18,,1,7,4,244.856,23.88605681,,
349330,614035,GA,Haralson,8,3,30,18,,,15,13,524.9452,50.33913518,,
349331,660778,GA,Haralson,9,3,30,18,,,5,2,228.5486,16.29666068,,
349320,592416,GA,Haralson,10,3,30,18,1,8,69,88,1210.446,164.4135091,,
349321,679606,GA,Haralson,11,3,30,18,,2,14,13,435.1521,46.52268852,,
349322,694128,GA,Haralson,12,3,30,18,3,13,86,106,1720.6236,233.5402718,,
349323,594604,GA,Haralson,13,3,30,18,2,6,36,36,692.0684,85.0021151,,
349332,632908,GA,Harris,Ca,3,29,139,6,28,180,332,2089.0164,534.2338575,,
349333,668721,GA,Harris,El,3,29,139,8,49,280,617,2980.2634,883.4335386,,
349334,614087,GA,Harris,Gm,3,29,138,2,23,155,304,1190.0641,366.3705448,,
349335,654828,GA,Harris,Ha,3,29,138,3,30,241,515,1881.6811,616.8041333,,
349336,626520,GA,Harris,L9,3,29,138,1,15,148,208,1815.0157,410.1484301,,
349337,710775,GA,Harris,Mg,3,29,138,2,27,192,338,2249.7752,546.1556331,,
349338,626463,GA,Harris,Pv,3,29,138,2,8,55,71,813.228,141.2919135,,
349339,636928,GA,Harris,Sk,3,29,138,3,13,82,200,631.9295,228.8497085,,
349340,616256,GA,Harris,U9,3,29,138,1,6,111,131,1187.2237,237.3923354,,
349341,652654,GA,Harris,Vp,3,29,138,1,7,56,110,536.251,154.6253538,,
349342,689761,GA,Harris,Wa,3,29,139,8,30,209,503,1959.14,635.1991237,,
349343,650563,GA,Harris,Wh,3,29,138,3,15,85,183,1041.8582,266.2547427,,
349344,650568,GA,Hart,2,10,24,33,7,40,489,996,4180.0368,1115.428224,,
349345,652672,GA,Hart,3,10,24,33,1,8,128,189,1210.1978,233.2465266,,
349346,620533,GA,Hart,4,10,24,33,1,10,129,221,755.0489,248.9453752,,
349347,682705,GA,Hart,5,10,24,33,5,22,212,204,2509.5793,447.8960097,,
349348,628650,GA,Hart,6,10,24,33,,2,94,125,1009.9955,190.1269296,,
349349,670410,GA,Hart,7,10,24,33,,5,97,87,1172.5085,196.7866939,,
349350,673713,GA,Hart,8,10,24,33,,3,82,192,884.3751,213.8092857,,
349351,616248,GA,Heard,Cen,3,6,72,,3,66,81,1291.0675,158.5413529,,
349352,660736,GA,Heard,Coo,3,6,72,,1,27,34,398.4474,52.16367875,,
349353,677458,GA,Heard,Eno,3,6,72,1,6,39,45,667.1698,87.52090593,,
349354,618405,GA,Heard,Eph,3,6,72,,4,36,24,888.762,92.10423155,,
349355,721727,GA,Heard,Fra,3,6,72,1,9,135,226,1270.2298,250.5674237,,
349358,650547,GA,Heard,Sou,3,6,72,1,2,39,60,417.7748,81.61837687,,
349360,1154736,GA,Henry,25 Locust Grove,10,25,117,22,198,809,4190,4343.1069,3147.192448,,
349361,1154737,GA,Henry,26 Tussahaw,10,25,81,5,28,258,533,2027.3425,590.8526852,,
349362,1154738,GA,Henry,27 Sandy Ridge,10,25,81,5,52,474,1080,2917.5548,1099.256966,,
349363,1154739,GA,Henry,28 Westside,10,17,117,13,128,399,3473,2572.0301,2071.622314,,
349364,1154740,GA,Henry,29 Lowes,10,17,117,48,270,1072,6015,5704.9416,4120.861678,,
349365,1154741,GA,Henry,30 South Hampton,3,17,74,13,93,584,2319,3090.2698,1830.028259,,
349366,1154742,GA,Henry,31 North Hampton,3,17,74,14,136,763,3350,3879.9586,2612.382929,,
349367,1154743,GA,Henry,32 Mount Carmel,13,17,78,33,240,716,4104,4084.3168,3266.160596,,
349368,1154744,GA,Henry,33 Red Oak,13,17,78,39,171,537,3530,3428.5923,2870.679834,,
349369,1154745,GA,Henry,34 Wesley Lakes,10,17,117,24,168,538,3859,3455.7616,2685.651697,,
349370,1154746,GA,Henry,35 McDonough,10,42,117,11,61,266,1978,1896.0251,1413.642375,,
349371,1154747,GA,Henry,36 McMullen,10,42,81,9,69,420,1121,2445.3985,1120.037159,,
349372,1154748,GA,Henry,37 East Lake,10,42,81,15,89,469,1241,2583.5045,1244.009342,,
349373,1154749,GA,Henry,38 Hickory Flat,13,17,115,21,150,484,2861,3185.4224,2301.864981,,
349374,1154750,GA,Henry,39 Stockbridge East-West,13,17,116,22,147,432,3302,3057.4005,2516.457454,,
349376,1154751,GA,Henry,41 Stagecoach,13,10,116,9,70,313,1594,1868.8869,1225.103312,,
349377,1154752,GA,Henry,42 Cotton Indian,13,10,115,17,110,577,2598,2986.56,1963.310206,,
349378,1154753,GA,Henry,43 Pleasant Grove,13,10,115,15,92,458,1522,2719.4889,1569.66081,,
349379,1154754,GA,Henry,44 Austin Road,13,10,115,12,88,336,1361,2080.1675,1469.022558,,
349380,1154755,GA,Henry,45 Swan Lake,13,10,116,12,83,395,1204,2069.814,1162.353596,,
349381,1154756,GA,Henry,46 Shakerag,13,10,116,15,116,196,2324,2502.2996,2109.496305,,
349382,1154757,GA,Henry,47 Ellenwood,13,10,115,26,176,307,2008,2633.2026,2132.661442,,
349383,1154758,GA,Henry,48 Unity Grove,10,25,81,9,86,482,1334,3015.5715,1338.459189,,
349384,1154759,GA,Henry,49 Shiloh,10,17,117,16,72,352,2054,1918.681,1395.461454,,
349385,1154760,GA,Henry,50 Pates Creek,13,17,78,20,146,558,2389,3021.8642,2029.348751,,
349386,1154761,GA,Henry,51 Oakland,3,17,78,21,120,496,1981,2646.7288,1615.382385,,
349387,1154762,GA,Henry,52 Lake Dow,10,42,81,13,119,484,1709,3173.4828,1648.24091,,
349388,1154763,GA,Henry,53 Flippen,13,17,116,41,193,456,2371,2872.834,2189.028308,,
349389,1154764,GA,Henry,54 Stockbridge Central,13,10,78,13,79,351,2089,1929.3702,1416.060448,,
349390,1154765,GA,Henry,55 Kelleytown,10,42,81,14,79,370,1017,2226.1584,1128.076664,,
349391,1154766,GA,Henry,56 Lighthouse,13,10,116,12,95,342,1550,2173.4166,1466.846847,,
349392,1154767,GA,Henry,57 Dutchtown,13,17,78,9,70,301,1278,1725.9151,1042.439851,,
349393,1154768,GA,Henry,58 Mt. Bethel,10,25,81,3,46,354,959,2187.0784,937.2120397,,
349394,1154769,GA,Henry,59 Grove Park,10,25,81,5,66,508,2083,2621.9965,1509.955579,,
349395,1154770,GA,Henry,60 Lake Haven,10,17,81,10,87,496,1472,2393.6223,1367.051497,,
349396,1154771,GA,Henry,61 McDonough Central,10,42,117,12,110,443,2064,2583.0339,1679.658083,,
349397,1154772,GA,Henry,62 Timberridge,10,42,81,9,65,254,928,1603.4557,890.7182567,,
349398,833626,GA,Houston,Annx,8,18,147,6,28,442,1092,2978.0262,1152.893295,,
349399,833703,GA,Houston,Bms,8,20,146,15,78,800,1430,5064.2637,1867.565713,,
349401,833479,GA,Houston,Cent,2,18,147,10,86,912,2575,4760.2019,2261.479295,,
1818783,993271,GA,Houston,Cgtc,8,20,146,3,32,570,1125,3209.8928,1266.455407,,
349404,833443,GA,Houston,Fmms,8,20,146,22,91,991,2659,5387.0082,2582.38628,,
349405,833444,GA,Houston,Hafs,8,20,148,1,9,112,221,1327.901,318.9437989,,
349408,833633,GA,Houston,Hefs,8,20,148,,7,90,311,1054.698,324.4316303,,
1854551,1000464,GA,Houston,Hhpc,2,26,143,25,95,928,3022,4466.3548,2358.283243,,
810373,704506,GA,Houston,Mcms,8,20,147,20,98,1162,2361,6040.7581,2588.368035,,
2155298,1113545,GA,Houston,Nhsc,2,26,143,10,23,158,438,1433.909,562.7800927,,
2341789,1144016,GA,Houston,Pec,8,20,146,9,56,649,2047,4146.1955,1740.874095,,
349422,946405,GA,Houston,Rozr,8,20,148,6,49,657,1709,5137.9471,1757.103218,,
810376,709108,GA,Houston,Tms,8,18,147,6,51,626,2114,2744.0029,1561.494272,,
349424,833455,GA,Houston,Twpk,8,18,146,12,70,787,1942,4445.4121,1984.082461,,
2341796,1144017,GA,Houston,Vfw,8,26,147,5,42,677,1833,2893.8421,1428.614229,,
1572190,922989,GA,Houston,Vhs,8,20,146,17,77,821,1806,4893.2011,1904.922733,,
2155287,1113546,GA,Houston,Well,2,26,143,16,88,787,4283,3728.7814,2712.833209,,
349433,630780,GA,Irwin,901,8,13,169,,3,51,43,1089.2059,115.5478284,,
349428,618425,GA,Irwin,1529,8,13,169,4,20,323,728,2407.5355,676.02323,,
1947905,1067727,GA,Jackson,1000,9,47,31,19,78,1117,1989,11258.7765,2480.51157,,
1947906,1067728,GA,Jackson,2000,9,50,32,8,48,699,1075,8218.5549,1549.283814,,
1947907,1067729,GA,Jackson,3000,9,47,31,16,117,1467,2551,13543.5026,3293.425942,,
1947908,1067730,GA,Jackson,4000,9,47,120,7,45,416,672,5198.5974,1121.604625,,
349451,644658,GA,Jasper,290,10,25,144,3,12,91,192,1264.6748,239.5923835,,
349453,652650,GA,Jasper,295,10,25,144,2,31,349,890,3225.5381,952.3554815,,
349454,694170,GA,Jasper,296,10,25,144,2,12,179,238,3048.8558,459.4803871,,
349457,632958,GA,Jeff Davis,100,8,19,157,1,8,166,288,677.975,265.4614224,,
349458,657065,GA,Jeff Davis,201,8,19,157,2,3,27,26,398.0397,50.13644,,
349459,663568,GA,Jeff Davis,202,8,19,157,,1,29,20,796.3862,63.78082611,,
349460,682708,GA,Jeff Davis,301,8,19,157,,2,41,65,338.2039,64.51166538,,
349461,654875,GA,Jeff Davis,302,8,19,157,1,1,16,12,431.2827,36.74355861,,
349462,636920,GA,Jeff Davis,401,8,19,157,,1,55,70,515.8686,84.14624822,,
349463,694114,GA,Jeff Davis,402,8,19,157,,,15,9,379.138,33.12509824,,
349464,614034,GA,Jeff Davis,501,8,19,157,,2,46,56,726.7745,96.41126879,,
349465,670425,GA,Jeff Davis,502,8,19,157,,2,27,33,340.3772,49.90444325,,
349468,592409,GA,Jefferson,76,12,23,132,1,5,37,60,270.4498,97.72177902,,
349469,632925,GA,Jefferson,77,12,23,132,,4,87,138,376.9091,141.7846505,,
349470,620573,GA,Jefferson,81,12,23,132,8,40,300,702,1552.8514,776.6468205,,
349471,586484,GA,Jefferson,82,12,23,132,6,45,428,1171,2176.5414,1191.972642,,
349472,644654,GA,Jefferson,83,12,23,132,4,22,199,718,974.1596,634.6802794,,
349473,594599,GA,Jefferson,85,12,23,132,,4,55,154,283.9905,131.284784,,
349466,640795,GA,Jefferson,1460,12,23,132,2,7,76,142,384.5706,141.0906647,,
349467,694158,GA,Jefferson,1593,12,23,132,,1,45,36,255.4634,60.23409619,,
349474,614082,GA,Jenkins,1,12,23,126,,14,159,321,541.7822,289.6722015,,
349475,620547,GA,Jenkins,2,12,23,126,2,12,135,268,450.4578,213.1030068,,
349476,594584,GA,Jenkins,3,12,23,126,1,2,86,142,583.9765,154.3742842,,
349477,660777,GA,Jenkins,4,12,23,126,,2,90,85,611.6962,134.5420229,,
349478,652689,GA,Jenkins,5,12,23,126,,4,97,187,559.128,159.8853026,,
349479,677483,GA,Johnson,1201,12,26,155,,10,290,675,1765.5866,613.5916813,,
349480,630816,GA,Johnson,1266,12,26,155,,1,41,30,504.2132,78.43190829,,
349481,694125,GA,Johnson,1301,12,26,155,,2,36,120,497.7049,129.5531734,,
349485,636990,GA,Johnson,55,12,26,155,,1,35,22,587.2774,71.43146456,,
349486,640776,GA,Jones,1,8,25,144,2,14,197,351,1860.6971,468.6967216,,
349489,650490,GA,Jones,2,8,25,144,1,19,133,298,1509.8436,399.499209,,
349490,586430,GA,Jones,3,8,25,149,1,14,239,578,1515.633,530.6415089,,
349491,680406,GA,Jones,4,8,25,149,,7,78,89,1022.8068,189.2294375,,
349492,628678,GA,Jones,5,8,25,144,,6,140,299,1220.6004,361.7774841,,
349493,586394,GA,Jones,6,8,25,144,,4,88,201,899.3489,233.8078272,,
349495,656998,GA,Jones,8,8,25,144,1,1,9,13,139.543,25.70413873,,
349496,614084,GA,Jones,9,8,25,144,3,25,171,354,1775.6857,506.2992733,,
349487,586401,GA,Jones,10,8,25,149,5,43,287,1165,1846.6445,1036.554237,,
349488,663576,GA,Jones,11,8,25,144,1,3,163,331,1103.7914,364.3993154,,
349497,677438,GA,Lamar,1711,3,16,134,3,32,201,822,1225.8283,662.33113,,
349498,1153376,GA,Lamar,1712,3,16,135,1,23,224,506,2312.6082,579.7544101,,
349501,592457,GA,Lamar,1713,3,16,134,4,21,208,338,2262.8661,476.7442005,,
349502,650523,GA,Lamar,1714,3,16,135,5,26,246,584,2582.6031,601.3753053,,
349503,628648,GA,Lanier,1,8,8,176,2,17,438,761,3005.7899,831.0068316,,
349520,672047,GA,Laurens,4,12,20,155,12,108,915,2805,4834.6069,2394.155589,,
1701187,636945,GA,Laurens,5,12,20,155,5,32,249,554,2421.007,702.6453843,,
349523,592435,GA,Laurens,7,12,20,155,,13,69,201,596.2322,244.0450631,,
349524,616274,GA,Laurens,8,12,20,155,,,23,59,306.0688,73.06020501,,
349507,614028,GA,Laurens,11,12,20,155,,8,86,223,1031.5773,245.5219353,,
349508,594613,GA,Laurens,12,12,20,155,2,8,105,228,1073.6955,288.3812342,,
349509,677478,GA,Laurens,13,12,20,155,1,8,75,152,1219.6101,222.0977113,,
349511,364418,GA,Laurens,15,12,20,155,,2,27,30,601.877,77.70338294,,
349512,715737,GA,Laurens,16,12,20,155,1,11,157,329,1437.5248,365.1865148,,
1937050,1063650,GA,Laurens,18,12,20,155,1,13,146,330,1492.3398,433.2048332,,
349515,630822,GA,Laurens,19,12,20,155,1,3,89,102,1097.368,197.4049465,,
349517,628661,GA,Laurens,21,12,20,155,3,25,240,818,1574.0184,676.9070505,,
349518,640743,GA,Laurens,22,12,20,155,,12,174,397,1180.3547,420.9204738,,
349526,438588,GA,Lee,1,2,13,152,,9,54,107,296.8518,125.7309825,,
349528,417364,GA,Lee,2,2,13,152,2,6,64,205,548.7593,208.1113934,,
349529,445344,GA,Lee,3,2,13,152,,1,34,45,415.1192,61.56248133,,
349530,468926,GA,Lee,4,2,13,152,2,11,251,565,1824.1668,497.8029017,,
349531,438690,GA,Lee,5,2,13,152,1,9,91,142,951.7009,213.3599684,,
349532,389476,GA,Lee,6,2,13,152,10,41,250,778,2735.5088,916.9529934,,
349533,427256,GA,Lee,7,2,13,152,5,19,125,374,1201.1756,366.7361946,,
349534,501737,GA,Lee,8,2,13,152,2,20,141,473,1354.9885,388.8459886,,
349535,442515,GA,Lee,9,2,13,152,5,24,245,697,1819.787,570.3524844,,
349527,454067,GA,Lee,10,2,13,152,8,32,251,543,2971.8137,691.3326751,,
349536,620535,GA,Liberty,1,1,1,168,2,14,110,432,635.7097,478.737515,,
349542,594623,GA,Liberty,2,1,1,168,2,43,431,1199,1604.4808,967.0696953,,
349543,656990,GA,Liberty,3,1,1,168,2,54,570,1349,3099.0381,1497.15035,,
349544,663591,GA,Liberty,4,1,1,168,6,60,467,1580,1756.4027,1280.761463,,
349546,626519,GA,Liberty,6,1,1,168,4,27,265,475,1464.2432,555.9714052,,
349547,586449,GA,Liberty,7,1,1,168,5,28,645,1222,1601.2334,849.8808347,,
349548,702853,GA,Liberty,9,1,1,168,1,28,325,1186,1177.5203,832.0421567,,
349537,620571,GA,Liberty,10,1,1,168,2,38,520,1873,1888.267,1349.603653,,
349538,614106,GA,Liberty,11,1,1,168,5,40,339,895,1206.7905,759.5926561,,
349539,636968,GA,Liberty,12,1,1,168,2,26,239,883,851.9954,599.5265217,,
349540,710821,GA,Liberty,13,1,1,168,2,25,444,1018,1275.114,814.0012024,,
349541,648425,GA,Liberty,14,1,1,168,2,23,193,753,827.2451,589.4600167,,
349549,632914,GA,Lincoln,01-A,12,24,123,1,2,42,97,455.6927,109.1767423,,
349550,663582,GA,Lincoln,01-B,12,24,123,2,8,79,290,578.8913,270.0333841,,
349551,656961,GA,Lincoln,2,12,24,123,1,3,72,202,928.4713,241.2067707,,
349552,721733,GA,Lincoln,03-A,12,24,123,,1,26,85,368.1564,99.1371926,,
349553,715748,GA,Lincoln,03-B,12,24,123,1,9,54,159,692.5304,215.27566,,
349554,682665,GA,Lincoln,04-A,12,24,123,,2,29,44,391.9421,66.72215957,,
349555,660772,GA,Lincoln,04-B,12,24,123,1,5,40,87,747.083,151.9616531,,
349556,614040,GA,Long,1,1,19,167,,9,120,222,741.6384,252.8797684,,
349557,620500,GA,Long,2,1,19,167,6,30,467,870,1812.0448,668.7253881,,
349558,648398,GA,Long,3,1,19,167,2,13,192,389,693.2556,296.1494216,,
349559,618415,GA,Long,4,1,19,167,,8,231,557,927.7781,381.6101038,,
349560,650476,GA,Long,5,1,19,167,1,1,35,46,422.3308,76.78505069,,
1811007,990214,GA,Long,6,1,19,167,,2,24,19,203.9628,42.72029191,,
1811008,990215,GA,Long,7,1,19,167,,1,96,146,495.7486,152.9170873,,
1701188,654803,GA,Lowndes,1,8,8,175,6,25,275,575,2606.4162,686.002785,,
1701189,453401,GA,Lowndes,3,8,8,175,1,5,76,138,998.3284,234.0671785,,
349589,412654,GA,Lowndes,4,8,8,175,3,33,331,793,1816.8601,751.3350303,,
349590,389530,GA,Lowndes,5,8,8,177,26,135,789,1863,5354.6506,2019.331581,,
824915,677507,GA,Lowndes,6,8,8,175,6,35,342,1004,1813.1258,846.149172,,
349592,503708,GA,Lowndes,8,8,8,177,18,83,570,2125,2572.7437,1525.018469,,
349593,648402,GA,Lowndes,9,8,8,177,5,33,416,969,1912.1171,872.3889829,,
349562,482105,GA,Lowndes,10,8,8,177,25,154,676,3501,3718.7441,2327.21998,,
1491497,908083,GA,Lowndes,11,8,8,174,2,14,90,237,841.3633,285.7815634,,
1491498,908084,GA,Lowndes,12,8,8,175,25,143,1172,3416,8763.5002,3359.162859,,
2023189,1086555,GA,Lowndes,13,8,8,177,1,3,12,87,40.1177,31.84269261,,
2155313,1113548,GA,Lowndes,15,8,8,177,6,36,131,1090,903.2273,756.4697336,,
2155291,1113549,GA,Lowndes,16,8,8,175,6,20,275,598,2160.539,645.6310924,,
2155302,1113550,GA,Lowndes,17,8,8,174,,7,157,239,1399.8225,332.1273948,,
2155323,1113551,GA,Lowndes,18,8,8,175,7,19,298,574,2500.7856,646.4303218,,
349599,616287,GA,Lumpkin,Da,7,51,9,19,123,986,1036,14725.5368,2911.960103,,
349625,616251,GA,Macon,1,2,15,150,1,9,151,357,778.1719,357.4275791,,
349626,710827,GA,Macon,2,2,15,150,4,11,181,482,786.9052,477.8726087,,
349627,660720,GA,Macon,3,2,15,150,2,9,125,455,809.1141,452.7887395,,
349628,654822,GA,Macon,4,2,15,150,3,18,179,567,835.9608,544.2322535,,
349629,704531,GA,Macon,5,2,15,150,4,22,121,572,725.842,530.6297281,,
349630,717393,GA,Madison,Cob,10,47,123,3,23,211,554,2133.7547,606.2738725,,
349631,616231,GA,Madison,Col,10,47,123,,2,23,18,436.1696,68.18164693,,
349632,657030,GA,Madison,Com,10,47,123,1,4,151,272,977.6026,305.2865389,,
349633,665736,GA,Madison,Dan,10,47,123,4,10,158,174,2047.0087,381.3082975,,
349634,654809,GA,Madison,For,10,47,123,,4,30,72,356.4593,103.6384821,,
349635,660796,GA,Madison,Har,10,47,33,,2,20,23,421.0478,51.58642684,,
349636,628664,GA,Madison,Hul,10,47,123,2,23,298,735,2650.6283,845.2925831,,
349637,833499,GA,Madison,Ila,10,47,33,2,5,66,71,1109.171,180.7292763,,
349638,594547,GA,Madison,Mil,10,47,33,2,6,61,65,1174.8265,183.98265,,
349639,640729,GA,Madison,Pao,10,47,123,,,12,14,193.4709,26.94234508,,
349640,689771,GA,Madison,Pit,10,47,33,1,3,118,138,1258.3151,241.1132334,,
349641,677498,GA,Madison,Poc,10,47,33,1,4,34,46,722.8519,112.2210062,,
349642,630818,GA,Marion,339,2,15,151,,2,70,62,539.4735,91.38904865,,
349645,650486,GA,Marion,807,2,15,151,8,29,297,838,1339.645,724.8217473,,
349646,670389,GA,Marion,808,2,15,151,,1,32,37,255.8055,59.83917244,,
349647,640788,GA,Marion,948,2,15,151,,,23,29,268.7064,46.22450549,,
349648,632910,GA,Marion,955,2,15,151,1,7,72,80,501.0389,114.1496312,,
2155322,1113553,GA,McDuffie,101,12,23,125,1,6,45,83,1027.5578,161.1240248,,
2155306,1113554,GA,McDuffie,102,12,23,128,4,33,365,1704,2662.0666,1349.681661,,
2155290,1113555,GA,McDuffie,103,12,23,128,,12,111,855,796.7822,580.1432389,,
2155317,1113556,GA,McDuffie,104,12,23,128,1,7,58,172,650.4298,181.6860678,,
2155282,1113557,GA,McDuffie,105,12,23,128,2,20,110,392,1408.879,411.9794472,,
2155327,1113558,GA,McDuffie,106,12,23,125,1,12,87,225,1194.0021,273.2337158,,
2155294,1113559,GA,McDuffie,107,12,23,128,2,6,60,226,694.2857,208.9931324,,
349619,694190,GA,McIntosh,1312,1,3,167,,1,8,18,41.449,26.36570257,,
349621,626505,GA,McIntosh,1515,1,3,167,4,23,151,629,1289.953,739.8888735,,
349622,606266,GA,McIntosh,1771,1,3,167,5,22,147,336,1433.5037,503.3929833,,
349623,710806,GA,McIntosh,22,1,3,167,9,31,146,292,1953.298,537.2258053,,
349624,644665,GA,McIntosh,271,1,3,167,10,27,157,334,1471.8498,480.6413106,,
349649,665735,GA,Meriwether,1,3,29,137,,3,15,26,298.1592,55.34924943,,
349655,636941,GA,Meriwether,2,3,29,137,,6,137,368,933.7203,335.9224528,,
349656,682712,GA,Meriwether,3,3,29,137,1,8,98,456,559.0493,397.4028265,,
349657,648394,GA,Meriwether,4,3,29,136,,3,27,83,229.9013,87.99670445,,
349658,652716,GA,Meriwether,5,3,29,136,,9,160,533,1121.0385,498.9088877,,
349659,586405,GA,Meriwether,6,3,29,136,3,7,123,351,887.2589,363.3880227,,
349660,657001,GA,Meriwether,7,3,29,136,1,13,227,637,1789.9559,638.6157235,,
349661,663539,GA,Meriwether,8,3,29,136,,8,137,318,1005.1862,326.9405504,,
349662,660821,GA,Meriwether,9,3,29,136,,,24,50,265.9829,72.27084672,,
349650,710825,GA,Meriwether,10,3,29,136,,7,120,447,819.7498,357.3218996,,
349651,626449,GA,Meriwether,11,3,29,137,1,5,94,226,696.1098,236.0978201,,
349652,668727,GA,Meriwether,12,3,29,137,,2,71,142,460.4044,155.6875234,,
349653,652700,GA,Meriwether,13,3,29,136,,1,36,53,326.1409,77.47254847,,
349654,637001,GA,Meriwether,14,3,29,136,,1,9,4,150.6829,21.59715826,,
349663,679654,GA,Miller,1,2,12,154,,9,342,594,2176.4548,539.8256952,,
349664,657076,GA,Mitchell,Ba,2,12,171,4,31,52,283,590.5376,263.5508087,,
349665,616284,GA,Mitchell,Bv,2,12,171,1,2,42,56,390.1818,82.06495746,,
349666,618421,GA,Mitchell,Cn,2,12,171,4,154,133,743,927.0601,655.8426894,,
349667,644653,GA,Mitchell,Cs,2,12,171,4,166,287,950,1948.2891,911.7475783,,
349668,679634,GA,Mitchell,Ct,2,12,171,,1,39,32,358.0966,54.6266155,,
349669,640812,GA,Mitchell,Hf,2,12,171,,3,14,28,202.8195,46.31644389,,
349671,586436,GA,Mitchell,Ls,2,12,171,3,14,74,151,717.4687,171.8027125,,
349673,640742,GA,Mitchell,Pe,2,12,171,1,99,261,976,1602.8494,744.4872161,,
349674,592415,GA,Mitchell,Sc,2,12,171,,,25,52,328.1296,79.89102812,,
349675,677451,GA,Monroe,1,8,18,144,,19,129,215,1774.5768,411.667838,,
349681,657049,GA,Monroe,2,8,18,145,2,11,62,58,827.4814,137.9013414,,
349682,721744,GA,Monroe,3,8,18,145,2,18,117,223,1745.8456,389.1835371,,
349683,636987,GA,Monroe,4,8,18,118,1,6,54,95,561.5183,142.713603,,
349684,586432,GA,Monroe,5,8,18,145,1,4,36,69,620.1584,127.1149217,,
349685,668713,GA,Monroe,6,8,18,145,,3,31,70,296.3526,90.60407229,,
349686,684347,GA,Monroe,7,8,18,118,,2,58,93,725.9229,143.1588094,,
349687,657028,GA,Monroe,8,8,18,118,3,19,143,254,1570.2651,349.0866754,,
349688,616260,GA,Monroe,9,8,18,145,16,48,378,1447,2757.2957,1313.785321,,
349676,694133,GA,Monroe,10,8,18,118,2,10,112,161,1267.004,262.0564478,,
349677,660739,GA,Monroe,11,8,18,145,,11,57,159,488.3656,196.9753217,,
349678,710791,GA,Monroe,12,8,18,118,2,3,63,123,901.4338,177.3010055,,
349679,614086,GA,Monroe,13,8,18,118,,6,102,223,915.0705,232.0244923,,
349680,650541,GA,Monroe,14,8,18,145,,,28,57,340.6019,61.17006776,,
349689,710838,GA,Montgomery,1,12,19,156,1,15,192,352,1198.2727,365.486915,,
349690,640734,GA,Montgomery,2,12,19,156,2,5,94,181,1188.2273,222.5040727,,
349691,682700,GA,Montgomery,3,12,19,156,3,9,85,128,869.3933,175.8272401,,
349698,592401,GA,Morgan,2,10,42,114,3,19,156,305,2169.9468,444.2592335,,
349699,642983,GA,Morgan,3,10,42,114,1,20,166,354,2314.6876,513.521489,,
349701,592446,GA,Morgan,5,10,42,114,3,25,151,281,2498.4662,548.6380652,,
2530988,1156646,GA,Morgan,1/4,10,42,114,13,78,411,1330,4081.795,1476.389642,,
349706,650529,GA,Murray,1013,14,54,6,1,5,91,103,1424.9331,205.5061128,,
349707,695807,GA,Murray,1039,14,54,6,,4,93,121,1732.482,242.2211803,,
349708,715751,GA,Murray,1291,14,54,6,3,7,86,78,1680.1684,223.2029614,,
349709,717382,GA,Murray,1895,14,54,6,2,9,148,178,2101.4116,326.0719743,,
349710,636951,GA,Murray,824,14,54,6,7,22,232,229,3544.8256,491.4042881,,
349711,640807,GA,Murray,872,14,54,6,,3,54,52,1234.9649,151.7646338,,
349712,586480,GA,Murray,874,14,54,6,,7,70,51,1334.1537,168.9492686,,
1344563,833369,GA,Muscogee,101,2,15,140,18,102,407,1875,2190.003,1586.954638,,
1344564,833375,GA,Muscogee,102,2,15,140,17,82,112,1755,1595.7813,1412.621861,,
1344565,833362,GA,Muscogee,103,2,15,141,25,112,173,2303,2560.1151,2253.819231,,
1344566,833478,GA,Muscogee,104,3,29,139,3,27,261,591,1375.1589,620.6021229,,
1344567,833675,GA,Muscogee,105,3,29,139,15,64,313,674,1921.05,850.3679946,,
1344568,833226,GA,Muscogee,106,2,29,139,20,91,984,1698,3905.6772,1888.286505,,
1344569,833604,GA,Muscogee,107,2,15,140,13,46,453,1115,1631.6352,852.864626,,
1344570,833258,GA,Muscogee,108,3,29,138,19,93,821,1066,4213.7913,1670.879823,,
1344571,833268,GA,Muscogee,109,3,29,138,14,57,266,348,1867.5434,637.5824546,,
1344572,833406,GA,Muscogee,110,2,15,140,14,63,170,2326,1839.2273,1590.237823,,
1344574,833659,GA,Muscogee,112,2,15,140,15,94,563,3503,2913.8048,2335.011576,,
1344575,833385,GA,Muscogee,113,2,15,141,25,123,271,2920,2925.4285,2567.078262,,
1344576,833261,GA,Muscogee,114,2,15,137,8,67,181,2211,2046.0152,1749.896288,,
1344577,833679,GA,Muscogee,115,2,15,141,20,86,435,3020,2903.4926,2335.480457,,
1344578,833558,GA,Muscogee,116,2,15,137,22,122,376,3525,3344.2871,2798.297066,,
1344579,833600,GA,Muscogee,117,2,15,141,28,107,648,1791,2935.9627,1698.319429,,
1344580,833666,GA,Muscogee,118,2,15,139,25,114,592,1106,3300.8655,1501.31794,,
1344581,833303,GA,Muscogee,119,2,29,139,14,63,522,1181,2756.0337,1285.510058,,
1344582,833311,GA,Muscogee,120,2,29,139,27,125,969,1980,4650.4793,2366.570434,,
1344583,833358,GA,Muscogee,121,2,15,141,17,55,392,1092,1718.9823,1005.845729,,
1344584,833392,GA,Muscogee,122,2,15,140,13,51,273,772,770.3828,528.5955941,,
1344586,833583,GA,Muscogee,124,3,15,140,20,61,533,1144,1939.5345,982.1989874,,
1344587,833694,GA,Muscogee,125,2,15,140,11,46,237,930,970.106,677.4598984,,
1344588,833568,GA,Muscogee,126,2,15,141,11,69,313,1287,1647.4732,1144.076849,,
1344589,833517,GA,Muscogee,127,2,29,137,31,167,1065,2301,5122.8846,2842.37169,,
2155318,1113561,GA,Newton,02tn,13,42,113,13,115,402,2718,2731.7616,1968.601763,,
349774,1113562,GA,Newton,03alm,13,43,113,15,122,282,2137,2330.0845,1810.699214,,
2155299,1113563,GA,Newton,04alc,13,42,114,24,109,388,1722,2852.6561,1535.626367,,
349776,1113564,GA,Newton,05cm,13,42,113,15,85,547,2374,2941.9809,1853.04718,,
349777,1113565,GA,Newton,06brw,10,42,118,6,39,312,975,2066.2609,863.1644469,,
349778,1113566,GA,Newton,07bs,10,42,114,6,36,219,543,1831.8167,648.9557713,,
349780,1113568,GA,Newton,09liv,13,42,118,9,80,458,2803,2933.0092,2111.455882,,
349762,1113569,GA,Newton,10dn,10,42,113,18,93,518,2040,2869.5219,1749.429412,,
349763,1113570,GA,Newton,12gc,10,42,114,11,65,412,1125,3124.2871,1280.597342,,
2155284,1113571,GA,Newton,13bd,13,42,113,19,136,442,3456,3208.8959,2407.261361,,
349765,1113572,GA,Newton,14leg,10,42,118,5,23,244,596,2056.7869,672.8668753,,
349766,1113573,GA,Newton,15mn,10,42,114,3,14,126,237,1719.4276,387.8696725,,
349768,1113575,GA,Newton,17oxf,13,42,114,12,59,383,1338,2748.1585,1208.682609,,
349769,1113576,GA,Newton,18rp,10,42,118,15,73,492,1728,2563.4253,1396.47759,,
349770,1113577,GA,Newton,19bc,13,42,113,13,71,421,1877,2640.4504,1632.280758,,
2155311,1113578,GA,Newton,20stn,13,43,113,24,123,379,3169,2927.9169,2273.541717,,
2155328,1113579,GA,Newton,23fv,13,43,113,12,51,96,831,866.9005,695.9165919,,
810410,1113580,GA,Newton,24crw,13,43,113,14,142,231,2955,2331.0258,1990.432521,,
810411,1113581,GA,Newton,25hb,10,42,114,4,20,106,197,1715.6385,392.4639323,,
2500644,1152113,GA,Oconee,01-Oc,10,46,121,63,207,1669,1848,12766.2359,4300.964152,,
2500655,1152114,GA,Oconee,02-Os,10,46,121,9,31,231,259,2608.1017,726.2394385,,
2500665,1152115,GA,Oconee,03-Dc,10,46,121,6,28,396,337,3053.8773,844.143305,,
2500656,1152116,GA,Oconee,04-Ne,10,46,120,16,76,719,778,4561.0021,1566.072921,,
349795,592430,GA,Oglethorpe,Bv,10,24,124,4,32,267,450,2389.2726,682.5325045,,
349796,689770,GA,Oglethorpe,Cr,10,24,124,6,21,169,466,1998.0553,634.9919588,,
349801,709103,GA,Oglethorpe,Lx,10,24,124,7,24,243,596,2935.0432,847.6865384,,
2006548,1079415,GA,Paulding,0001b,14,31,16,2,13,196,330,2234.7478,495.1913015,,
2006544,1079416,GA,Paulding,0002c,14,31,16,7,49,443,725,2967.7547,996.9899311,,
1344593,1079417,GA,Paulding,0003c,14,31,17,10,96,844,1614,5191.9211,1896.906382,,
1344594,1079418,GA,Paulding,0004c,14,31,17,17,109,982,1897,5546.9073,2161.543716,,
2006546,1079419,GA,Paulding,0005c,14,31,17,16,112,1202,2874,6166.6728,2542.025745,,
1344596,1079420,GA,Paulding,0006b,14,31,19,9,68,543,1742,3317.0768,1426.163962,,
1344597,1079421,GA,Paulding,0007b,14,31,17,10,68,591,1994,3438.4243,1493.101902,,
2006542,1079422,GA,Paulding,0008c,14,31,19,11,75,803,1610,5560.2863,1762.152511,,
1344599,1079423,GA,Paulding,0009b,14,31,19,10,48,359,1352,1521.2237,1016.931384,,
1344600,1079424,GA,Paulding,0010b,14,31,19,4,52,392,1422,2292.4405,1109.76478,,
1344601,1079425,GA,Paulding,0011c,14,30,40,6,52,378,1034,3180.7095,1101.339979,,
1947914,1079426,GA,Paulding,0012c,14,31,19,5,28,196,491,1152.0371,485.6527734,,
1344603,1079427,GA,Paulding,0013b,14,30,40,19,93,778,2331,5254.1171,2040.722709,,
2006549,1079428,GA,Paulding,0014b,14,31,17,14,98,798,2187,5942.093,2064.620768,,
2006552,1079429,GA,Paulding,0015c,14,30,18,9,42,505,1158,5255.8204,1327.503687,,
2006545,1079430,GA,Paulding,0016c,14,31,17,3,17,243,581,2531.9702,629.5413452,,
2006547,1079431,GA,Paulding,0017c,14,31,17,1,10,74,152,563.4092,135.3567846,,
2012656,1082306,GA,Paulding,0018c,14,31,40,14,124,782,2763,4641.2441,2453.405904,,
2012657,1082307,GA,Paulding,0019c,14,31,16,2,22,214,280,1696.7624,433.0148983,,
2341811,1144018,GA,Paulding,0020b,14,31,16,2,8,32,40,709.363,103.4091479,,
2341809,1144019,GA,Paulding,0021b,14,31,19,18,106,814,2606,5014.7503,2381.157722,,
349832,677493,GA,Peach,B1,2,18,134,7,55,698,1786,5043.7196,1956.900451,,
349834,679658,GA,Peach,C1,2,18,147,1,4,65,119,640.0535,163.0785345,,
349835,656995,GA,Peach,F1,2,18,150,3,31,325,1062,1374.6219,828.2647594,,
349836,717411,GA,Peach,F2,2,18,150,5,30,257,1017,1303.5242,791.2730782,,
349837,648410,GA,Peach,F3,2,18,150,3,42,173,1274,1328.4151,971.8219457,,
349838,644661,GA,Peach,P1,2,18,147,,15,114,265,978.3403,331.0505202,,
349839,684373,GA,Pickens,1,11,51,11,5,30,159,182,2709.1216,541.5462234,,
349843,614112,GA,Pickens,2,11,51,11,3,10,60,67,1561.6406,242.9370882,,
349844,660754,GA,Pickens,3,11,51,11,1,2,29,23,641.7452,88.20830499,,
349845,606265,GA,Pickens,4,11,51,11,,1,36,36,867.4117,114.5643603,,
349846,620527,GA,Pickens,5,11,51,11,,1,16,24,516.8435,68.22589258,,
349847,657078,GA,Pickens,6,11,51,11,,4,60,71,941.4769,169.8487277,,
349848,689757,GA,Pickens,7,11,51,11,,4,48,50,1285.9476,179.1209737,,
349849,654819,GA,Pickens,8,11,51,11,1,15,162,227,1947.3961,408.26388,,
349850,586407,GA,Pickens,9,11,51,11,1,10,79,96,1748.5638,273.460903,,
349840,665732,GA,Pickens,10,11,51,11,10,36,149,174,1933.5857,419.8952993,,
349841,636912,GA,Pickens,11,11,51,11,2,10,52,69,1284.9892,217.9650423,,
349842,656991,GA,Pickens,12,11,51,11,1,8,78,83,1577.5562,237.7119683,,
349851,652729,GA,Pierce,1,1,8,178,3,10,151,215,1844.9456,293.8935922,,
349852,626487,GA,Pierce,2,1,8,178,,5,93,88,1890.5245,186.5549397,,
349853,632937,GA,Pierce,03a,1,8,178,,2,30,28,837.8592,72.74571718,,
349854,618437,GA,Pierce,03b,1,8,178,,3,36,34,1024.9016,95.12295383,,
349855,648393,GA,Pierce,04a,1,8,178,,,46,61,689.1688,84.36491083,,
349856,652740,GA,Pierce,04b,1,8,178,,,8,7,300.9863,22.18817622,,
349857,672051,GA,Pierce,04c,1,8,178,,,26,17,691.0054,62.92728211,,
349858,630783,GA,Pierce,04d,1,8,178,,,11,8,384.295,27.89445272,,
349859,592395,GA,Pike,1,3,16,135,1,5,79,157,1035.1701,183.2193476,,
349860,592441,GA,Pike,2,3,16,135,1,1,61,52,1369.3663,149.1045185,,
349861,650469,GA,Pike,3,3,16,135,1,2,34,58,951.116,114.7125805,,
349862,616226,GA,Pike,4,3,16,135,1,2,57,102,1119.3089,160.4899916,,
349863,616293,GA,Pike,5,3,16,135,3,11,84,96,1918.5861,223.4526839,,
349864,620565,GA,Pike,6,3,16,135,,3,33,30,837.1603,98.16575915,,
349865,657034,GA,Pike,7,3,16,135,1,2,88,88,1481.3929,183.9710553,,
349866,618410,GA,Pike,8,3,16,135,1,6,130,200,1431.1226,262.4568223,,
349870,680385,GA,Polk,1,14,31,16,1,5,170,231,1955.1368,340.6980744,,
349871,586408,GA,Polk,2,14,31,16,,4,72,116,1019.3999,175.796445,,
349873,616240,GA,Polk,3,14,31,16,4,28,450,876,3266.9794,901.4843151,,
349875,677486,GA,Polk,4,14,31,16,2,11,113,150,1774.5164,294.4792045,,
349877,648436,GA,Polk,5,14,31,16,1,6,120,134,1840.1125,277.8739393,,
349868,663583,GA,Polk,6,14,31,16,2,25,397,662,3604.078,823.4164388,,
349869,642981,GA,Polk,7,14,31,16,,6,74,100,1313.0502,187.4197678,,
1818784,993272,GA,Pulaski,Annex,8,20,148,4,29,414,959,3526.0042,1047.276596,,
1701128,946407,GA,Putnam,101,10,25,144,3,29,236,885,1864.4539,778.2205513,,
1701131,946410,GA,Putnam,104,10,25,124,5,23,299,1069,2068.8639,870.4837131,,
1701132,946411,GA,Putnam,105,10,25,124,9,33,213,239,2809.2497,611.2487639,,
1701133,946412,GA,Putnam,106,10,25,124,2,7,70,66,1012.5833,167.4535108,,
1701134,946413,GA,Putnam,107,10,25,144,4,18,242,377,2904.6863,640.5890107,,
349890,586446,GA,Quitman,G,2,12,154,1,5,179,366,877.1947,374.8435636,,
349891,663584,GA,Quitman,M,2,12,154,,,11,18,58.426,28.44459236,,
1572198,922996,GA,Rabun,Rabun,9,50,10,20,95,823,776,8753.5367,1937.798612,,
349901,710804,GA,Randolph,131,2,12,154,,,15,62,147.5586,55.54915533,,
349902,614096,GA,Randolph,334,2,12,154,,4,134,328,553.7957,285.956973,,
349903,833423,GA,Randolph,566,2,12,154,,1,42,63,170.7302,70.07469397,,
349904,592480,GA,Randolph,718a,2,12,154,1,24,268,829,1295.9083,689.8821582,,
349905,630804,GA,Randolph,718b,2,12,154,,5,21,171,176.2643,148.5732177,,
349908,632916,GA,Randolph,954,2,12,154,,4,21,98,154.8828,100.2398345,,
349910,833566,GA,Richmond,101,12,22,129,11,28,150,304,733.2213,387.3902041,,
349911,833663,GA,Richmond,102,12,22,129,4,16,98,431,418.21,288.8337407,,
349912,833317,GA,Richmond,103,12,22,129,1,12,48,629,524.1517,456.2864788,,
349913,833346,GA,Richmond,104,12,22,130,10,37,93,1265,1116.4244,957.6825563,,
349914,833508,GA,Richmond,105,12,22,129,3,16,67,497,405.523,348.4765686,,
349915,833608,GA,Richmond,106,12,22,129,1,3,64,421,334.5055,242.3738029,,
349916,833507,GA,Richmond,107,12,22,127,9,31,205,462,1000.4717,564.2728284,,
349917,833612,GA,Richmond,108,12,22,129,4,10,30,193,251.8926,211.3016788,,
349918,833429,GA,Richmond,109,12,22,130,1,3,17,204,177.295,151.8607569,,
349919,833275,GA,Richmond,110,12,22,129,2,11,25,557,509.5304,455.4259548,,
349920,833567,GA,Richmond,111,12,22,129,2,13,149,605,644.979,486.4251665,,
349921,833660,GA,Richmond,112,12,22,129,11,29,177,553,683.2269,447.6318751,,
1771382,976475,GA,Richmond,115,12,22,130,,2,36,150,194.3222,117.4987893,,
349923,833356,GA,Richmond,201,12,22,129,6,27,133,890,841.3651,618.7931578,,
349924,833699,GA,Richmond,202,12,22,130,3,45,265,1843,1789.8905,1306.89424,,
349925,833632,GA,Richmond,203,12,22,129,2,14,42,464,380.9273,328.7607918,,
349926,833476,GA,Richmond,204,12,22,129,11,44,276,981,1463.1526,967.5960366,,
349929,833259,GA,Richmond,207,12,22,129,2,22,95,933,841.9625,710.1011503,,
349930,833299,GA,Richmond,208,12,22,129,1,12,62,526,467.9442,361.7352472,,
1771383,976476,GA,Richmond,210,12,22,129,3,22,52,522,557.2824,481.8313063,,
349932,833270,GA,Richmond,301,12,22,127,8,25,189,306,1210.7647,520.7209141,,
349933,833627,GA,Richmond,302,12,22,129,1,4,48,282,314.5654,201.1071789,,
349934,833402,GA,Richmond,303,12,22,129,9,29,170,170,970.1181,372.0327814,,
349935,344436,GA,Richmond,304,12,22,129,1,3,74,121,442.4974,197.5150473,,
349937,833704,GA,Richmond,306,12,22,132,10,68,438,1621,1983.4972,1339.447298,,
349938,833553,GA,Richmond,307,12,22,129,7,17,166,337,997.6851,459.3726574,,
349939,833383,GA,Richmond,308,12,22,127,2,5,52,185,259.8918,149.349138,,
349941,833643,GA,Richmond,310,12,22,132,35,115,607,3104,3535.8321,2749.834233,,
349942,833253,GA,Richmond,401,12,22,132,3,19,55,794,741.0768,652.8807043,,
349943,833276,GA,Richmond,402,12,22,132,6,19,171,1364,1109.4329,919.4611653,,
349944,833410,GA,Richmond,403,12,22,126,8,35,95,986,1041.8781,870.2851377,,
349946,833341,GA,Richmond,405,12,22,126,24,115,309,2793,3373.3749,2938.76258,,
349947,833351,GA,Richmond,406,12,22,126,28,87,139,1423,1804.6564,1569.395495,,
349950,833505,GA,Richmond,501,12,22,130,6,38,166,1370,1467.1726,1237.390153,,
349951,334263,GA,Richmond,502,12,22,132,7,40,122,1257,1268.1922,1072.195393,,
349952,833439,GA,Richmond,503,12,22,129,5,29,132,912,962.3371,757.2656141,,
349953,833607,GA,Richmond,504,12,22,130,10,39,290,1179,1699.7629,991.3110278,,
349954,833544,GA,Richmond,505,12,22,132,2,17,55,743,731.9555,614.0658108,,
349955,833658,GA,Richmond,506,12,22,132,14,81,237,1738,2052.1241,1722.731462,,
349956,833636,GA,Richmond,507,12,22,132,1,6,87,464,447.6124,332.6823122,,
349959,833467,GA,Richmond,601,12,22,130,4,26,229,1724,1690.4802,1263.943571,,
349960,833331,GA,Richmond,602,12,22,130,1,5,35,359,310.0848,251.430588,,
349962,833545,GA,Richmond,604,12,22,130,2,19,113,691,790.2431,551.0143954,,
349963,833693,GA,Richmond,605,12,22,130,8,33,299,1623,1849.8908,1268.730035,,
349964,833340,GA,Richmond,606,12,22,126,3,21,57,817,796.5877,667.1107875,,
1771384,976477,GA,Richmond,607,12,22,130,12,61,204,1819,2153.0883,1901.587108,,
1771385,976478,GA,Richmond,608,12,23,130,,,14,35,107.3878,36.58865776,,
349965,833235,GA,Richmond,701,12,22,127,10,37,218,429,1486.0993,650.169134,,
349966,833326,GA,Richmond,702,12,22,129,3,15,155,277,860.7091,392.8587137,,
349967,833493,GA,Richmond,703,12,22,129,13,33,479,1320,1671.5204,1016.460778,,
349968,833396,GA,Richmond,704,12,22,127,3,6,33,25,332.5219,109.5431687,,
349969,833586,GA,Richmond,705,12,22,127,12,27,241,595,1372.614,690.7996699,,
349970,833569,GA,Richmond,706,12,22,127,6,32,291,644,2055.5389,885.099476,,
349971,833277,GA,Richmond,707,12,22,129,3,32,302,964,1269.4649,793.0208758,,
1701137,946416,GA,Richmond,708,12,22,127,,1,34,69,199.5052,84.25911383,,
1820442,993740,GA,Richmond,709,12,22,127,1,5,44,218,339.1599,189.637766,,
349972,833576,GA,Richmond,801,12,23,132,,,11,12,76.1766,21.69631132,,
349973,833297,GA,Richmond,801b,12,23,132,2,5,63,117,358.6187,139.0455623,,
349974,833417,GA,Richmond,802,12,23,130,4,20,240,699,1730.8311,751.1877352,,
349975,833228,GA,Richmond,803,12,22,132,,,29,52,44.7935,26.41038813,,
349976,833645,GA,Richmond,804,12,22,126,6,25,226,780,1058.3687,685.7850476,,
349977,833310,GA,Richmond,804h,12,22,126,9,33,271,803,1643.5361,908.2404491,,
349978,833547,GA,Richmond,805,12,22,130,1,18,63,341,437.4533,307.7377888,,
349979,833238,GA,Richmond,806,12,23,130,3,21,229,632,1479.8746,705.0306499,,
349980,833345,GA,Richmond,807,12,22,126,4,23,97,577,701.1876,519.8003487,,
349981,833461,GA,Richmond,808,12,23,130,2,25,245,706,1326.3357,758.3733444,,
1701138,946417,GA,Richmond,810,12,23,126,,2,78,154,379.1132,208.2051143,,
2155286,1113590,GA,Richmond,811,12,23,132,2,5,42,70,198.8689,94.38637851,,
349983,626504,GA,Rockdale,Ba,13,43,91,15,108,416,1742,2780.9955,1949.864298,,
810423,715732,GA,Rockdale,Bt,13,43,93,14,79,432,907,2215.7111,1094.708203,,
349984,594593,GA,Rockdale,Co,13,43,92,11,68,219,1615,1568.4753,1234.893508,,
349985,640823,GA,Rockdale,Fi,13,43,92,56,208,281,2876,3266.7917,2780.278006,,
349986,694148,GA,Rockdale,Fs,13,43,92,33,154,203,1728,2217.5022,1796.10931,,
349989,657072,GA,Rockdale,La,13,43,93,7,43,172,851,968.0535,717.4539438,,
349990,640790,GA,Rockdale,Lo,13,43,91,26,121,378,1255,2543.458,1690.534612,,
349991,680363,GA,Rockdale,Ma,13,43,91,29,122,490,2030,3139.1958,2039.677536,,
349992,657087,GA,Rockdale,Mi,13,43,92,39,215,588,3402,4205.5311,3223.088813,,
349993,680407,GA,Rockdale,Ot,13,43,92,30,184,331,3195,3152.9907,2674.595109,,
349994,614108,GA,Rockdale,Ro,13,43,92,33,143,292,2133,2699.0444,2072.562017,,
349996,644664,GA,Rockdale,Sm,13,43,92,24,147,324,1669,2519.5769,1941.023341,,
349997,682683,GA,Rockdale,Sp,13,43,92,27,175,281,2074,2668.2371,2114.429097,,
349998,710831,GA,Rockdale,St,13,43,91,10,71,280,1175,1865.4588,1273.950986,,
349999,642992,GA,Schley,1,2,15,151,2,13,186,261,1986.768,382.6490875,,
350000,721757,GA,Screven,1,12,23,159,2,7,136,393,811.9072,348.7346269,,
350004,657019,GA,Screven,2,12,23,159,1,11,110,399,583.5438,333.1849578,,
350005,636997,GA,Screven,3,12,23,159,,7,95,215,929.1158,254.7718572,,
350006,616272,GA,Screven,4,12,23,159,3,13,92,259,793.0411,255.7395267,,
350007,628635,GA,Screven,5,12,23,159,1,13,97,425,822.4887,387.4100764,,
350008,640744,GA,Screven,6,12,23,159,,2,103,187,921.5282,224.7459802,,
350009,640766,GA,Screven,7,12,23,159,2,17,105,324,720.7838,300.4163857,,
350012,652725,GA,Seminole,1,2,11,154,1,5,106,164,721.8268,175.5181113,,
350013,680408,GA,Seminole,2,2,11,154,,8,113,216,610.5085,191.6761966,,
350014,709095,GA,Seminole,3,2,11,154,1,10,102,471,448.3618,314.9745232,,
350015,620523,GA,Seminole,4,2,11,154,1,2,97,121,634.8319,147.3551862,,
350016,626496,GA,Seminole,5,2,11,154,,1,66,36,755.23,106.7214315,,
1701190,614064,GA,Spalding,1,3,16,135,4,36,138,929,718.5778,531.4198749,,
350028,650487,GA,Spalding,2,3,16,82,3,20,106,908,701.1205,562.1695716,,
1701191,614075,GA,Spalding,3,3,16,135,3,20,244,388,1842.7311,522.190711,,
350033,695823,GA,Spalding,5,3,16,82,1,50,340,1448,1659.9328,971.8307958,,
350034,586465,GA,Spalding,6,3,16,135,3,26,121,919,824.1401,603.1912051,,
350035,592408,GA,Spalding,7,3,16,135,2,15,114,313,1106.5923,349.2883364,,
350036,710799,GA,Spalding,8,3,16,135,4,12,115,362,1132.3587,364.6866043,,
350037,654847,GA,Spalding,9,3,16,82,4,27,265,626,2040.309,642.1530862,,
350018,592465,GA,Spalding,10,3,16,135,1,21,163,514,1174.6347,482.9907937,,
350019,614091,GA,Spalding,11,3,16,135,3,16,197,636,1652.4975,613.3090516,,
350020,640782,GA,Spalding,12,3,16,82,2,12,134,245,1439.8197,330.5204389,,
350021,660750,GA,Spalding,13,3,16,82,1,11,141,260,1458.7009,336.5425167,,
350022,594625,GA,Spalding,14,3,16,82,1,5,141,401,952.5202,341.2891109,,
350024,663567,GA,Spalding,16,3,16,82,8,54,343,1873,2067.9608,1352.238932,,
350027,660784,GA,Spalding,19,3,16,82,1,33,195,695,1680.6268,608.1506413,,
350029,702843,GA,Spalding,20,3,16,135,1,12,107,214,1344.7097,308.6511541,,
350030,657102,GA,Spalding,21,3,16,82,39,169,486,1210,4113.8114,1777.581861,,
1811009,990216,GA,Stephens,Sc1,9,50,32,12,56,920,1367,10508.1204,1991.33019,,
350046,636922,GA,Stewart,2,2,12,151,1,5,137,454,709.7497,406.8213356,,
350047,632938,GA,Stewart,4,2,12,151,,3,42,113,183.8403,108.357062,,
350048,670405,GA,Stewart,5,2,12,151,1,12,162,471,636.0779,393.5330173,,
350049,616264,GA,Stewart,6,2,12,151,,2,30,74,117.0951,59.28464773,,
350050,636955,GA,Sumter,15,2,12,151,,15,105,337,1052.4941,388.5596911,,
350051,656970,GA,Sumter,17,2,12,151,,6,57,216,358.1755,172.7381727,,
350052,640740,GA,Sumter,28,2,12,150,,7,90,203,625.1871,245.3994718,,
350053,663558,GA,Sumter,29,2,12,150,,2,39,63,231.3714,71.28628813,,
1701192,640751,GA,Sumter,C1-27,2,12,150,3,38,201,1314,1289.4832,950.7327679,,
810433,648443,GA,Sumter,C2-27,2,12,150,6,56,320,802,1599.2183,759.2303404,,
810434,626531,GA,Sumter,C3-27,2,12,151,5,44,222,1298,1340.3783,1010.113797,,
810435,660763,GA,Sumter,E-27,2,12,150,5,33,171,504,1084.8031,509.8371849,,
350054,648420,GA,Sumter,N-26,2,12,151,,,32,30,255.8025,51.22015779,,
350057,636934,GA,Sumter,O-26,2,12,151,1,7,132,300,660.1132,299.8821643,,
810436,652679,GA,Sumter,W-27,2,12,151,,25,187,473,1149.4589,499.7640295,,
350060,618428,GA,Talbot,1,2,15,137,1,7,51,123,330.6443,161.5404188,,
350061,684372,GA,Talbot,2,2,15,137,,7,53,182,456.5867,225.3342432,,
350062,654864,GA,Talbot,3,2,15,137,1,6,47,146,241.0099,142.2295015,,
350063,632915,GA,Talbot,4,2,15,137,1,3,41,173,302.3802,175.6708399,,
350064,636917,GA,Talbot,5,2,15,137,2,14,73,483,561.9424,440.3249334,,
350065,654800,GA,Talbot,6,2,15,137,,3,36,104,293.0226,119.2506978,,
350067,663554,GA,Talbot,8,2,15,137,2,11,78,325,684.057,403.1265673,,
350068,618436,GA,Taliaferro,172,10,23,124,,2,24,57,164.1468,85.2481902,,
350069,677472,GA,Taliaferro,601,10,23,124,,3,106,350,620.9561,384.4014299,,
350070,614031,GA,Tattnall,1,12,19,156,,2,49,71,453.9939,86.73109834,,
350078,640737,GA,Tattnall,3,12,19,157,,3,90,171,869.5762,198.1457185,,
350079,586458,GA,Tattnall,4,12,19,157,,,26,51,279.9371,71.22475392,,
350080,694113,GA,Tattnall,5,12,19,157,3,8,156,348,1194.7663,362.4498878,,
350082,657051,GA,Tattnall,7,12,19,157,1,14,111,214,1451.3412,276.8816362,,
350083,689801,GA,Tattnall,8,12,19,157,,3,193,410,1501.4217,397.1927337,,
350084,592459,GA,Tattnall,9,12,19,157,1,3,37,41,644.0158,93.38988463,,
1852959,999895,GA,Tattnall,10,12,19,157,,2,79,105,450.528,118.2529255,,
350085,650530,GA,Taylor,1,2,15,150,1,7,110,516,600.0754,426.4569981,,
350089,632948,GA,Taylor,5,2,15,150,,5,133,169,1410.4543,288.5662472,,
350090,652694,GA,Taylor,6,2,15,150,5,23,155,395,1298.2168,453.8347735,,
350092,709112,GA,Telfair,Ja,8,19,156,,1,39,63,403.4119,94.32698661,,
350093,665718,GA,Telfair,Lu,8,19,156,2,5,99,195,529.5112,188.4512565,,
350094,677454,GA,Telfair,Mc,8,19,133,5,27,388,721,2044.9158,705.8811606,,
350095,694177,GA,Telfair,Mi,8,19,133,,1,62,58,548.5181,97.72299393,,
350097,650534,GA,Terrell,1,2,12,151,3,27,208,1274,1420.389,1013.095676,,
350098,636935,GA,Terrell,2,2,12,151,,8,107,259,824.5474,292.6721511,,
350099,620553,GA,Terrell,3,2,12,151,1,7,58,232,451.249,217.0329845,,
350100,592455,GA,Terrell,4,2,12,151,,3,32,83,273.4983,105.1076483,,
350101,594558,GA,Terrell,5,2,12,151,,2,37,131,321.0339,117.0545178,,
350102,640811,GA,Terrell,6,2,12,151,,1,22,87,173.8405,74.38647408,,
350103,721739,GA,Thomas,101,2,11,173,,1,42,94,420.2961,106.6069038,,
350104,614071,GA,Thomas,102,2,11,173,1,8,102,454,879.8124,391.6933266,,
350105,660776,GA,Thomas,103,2,11,173,2,13,264,723,2239.1288,770.4483634,,
350106,663570,GA,Thomas,104,2,11,172,,3,49,148,575.8067,149.5779928,,
350107,636911,GA,Thomas,105,2,11,173,3,21,168,1001,1006.2031,730.7643433,,
350108,684336,GA,Thomas,106,2,11,172,1,4,62,116,774.5925,177.9408238,,
350109,654797,GA,Thomas,107,2,11,173,4,11,85,162,924.7782,243.6529818,,
350110,710810,GA,Thomas,108,2,11,173,1,6,103,270,1262.5752,335.2397395,,
350111,640805,GA,Thomas,109,2,11,173,2,22,154,718,981.5513,650.2772439,,
350112,648431,GA,Thomas,110,2,11,173,,14,107,336,1182.9112,407.4508808,,
350113,710766,GA,Thomas,111,2,11,173,1,3,66,222,434.3536,169.9060889,,
350114,586426,GA,Thomas,112,2,11,173,,2,25,89,434.1261,131.3921145,,
350115,594628,GA,Thomas,113,2,11,173,,,10,29,186.3296,50.08834578,,
350116,626511,GA,Thomas,114,2,11,173,1,7,136,268,1350.2097,359.4864779,,
350117,657002,GA,Thomas,115,2,11,173,,4,74,143,700.8761,169.9597784,,
350118,648444,GA,Thomas,116,2,11,173,,2,15,35,261.7809,55.60559649,,
350119,715728,GA,Thomas,117,2,11,172,1,1,32,75,437.7599,103.3951968,,
350120,616268,GA,Thomas,118,2,11,173,3,16,158,437,1212.5615,471.7692151,,
350121,654862,GA,Thomas,119,2,11,173,1,18,63,641,677.5867,558.5384771,,
350122,652739,GA,Thomas,120,2,11,173,4,22,200,450,1513.594,577.4838644,,
350123,677499,GA,Tift,1,8,13,170,4,26,269,611,1547.4361,542.1959379,,
350127,640798,GA,Tift,2,8,13,169,2,8,108,163,1560.2128,290.4631222,,
350128,679631,GA,Tift,3,8,13,170,,1,58,120,893.1531,168.6070266,,
350129,663519,GA,Tift,4,8,13,169,1,6,45,107,921.9767,165.4476307,,
350130,626485,GA,Tift,5,8,13,170,1,4,33,34,730.5683,99.00234393,,
350131,694168,GA,Tift,6,8,13,170,1,2,65,131,748.9762,136.9344147,,
350132,709117,GA,Tift,7,8,13,170,,,47,97,427.2927,96.67476633,,
350133,642993,GA,Tift,8,8,13,169,,4,64,160,723.0817,175.0865556,,
350134,592425,GA,Tift,9,8,13,170,3,26,249,589,2002.1992,599.7399663,,
350124,650493,GA,Tift,10,8,13,170,3,27,175,752,919.2174,541.374819,,
350125,616285,GA,Tift,11,8,13,170,3,21,247,1091,1086.4115,746.4454331,,
350126,656986,GA,Tift,12,8,13,170,4,23,254,556,1704.1515,576.594138,,
350138,618413,GA,Toombs,15361,12,19,156,,12,176,411,1770.0803,401.6294536,,
350143,670417,GA,Toombs,39,12,19,156,2,4,65,74,939.2273,128.0637248,,
350144,677503,GA,Toombs,43,12,19,156,,2,40,49,872.3519,106.894015,,
350147,404590,GA,Toombs,513,12,19,156,2,19,396,884,3103.0584,882.0263144,,
350148,499810,GA,Toombs,514,12,19,156,5,31,277,660,1868.1031,567.0800393,,
350149,620578,GA,Towns,1468,9,50,8,4,20,192,160,2298.1102,477.8262985,,
350152,689769,GA,Towns,990,9,50,8,6,39,457,379,5192.8652,963.4618868,,
1852960,999896,GA,Treutlen,Annex,12,20,158,1,5,77,65,1204.6602,174.0972654,,
350158,636915,GA,Treutlen,Sope,12,20,158,3,19,283,536,1286.9273,540.0055386,,
350159,657055,GA,Troup,1,3,29,138,6,42,341,947,3803.6334,1156.004392,,
350167,694143,GA,Troup,2,3,29,137,4,26,257,1403,1444.4576,927.0506276,,
350168,640820,GA,Troup,3,3,29,136,6,35,367,1594,2035.9123,1204.254719,,
350169,717417,GA,Troup,4,3,29,136,4,39,288,1555,1701.6984,1202.400271,,
350170,648399,GA,Troup,5,3,29,138,1,13,143,657,925.4122,546.6524021,,
350171,594615,GA,Troup,6,3,29,72,4,27,262,768,2011.3694,763.4277935,,
350173,695788,GA,Troup,8,3,29,137,2,14,173,342,2551.1494,552.4857717,,
350174,677502,GA,Troup,9,3,29,136,4,10,155,452,1350.5223,439.9885372,,
350160,640767,GA,Troup,10,3,29,72,6,24,198,443,2371.7463,643.1405306,,
350161,710779,GA,Troup,11,3,29,138,6,32,355,757,4101.5167,1048.509632,,
350162,704530,GA,Troup,12,3,29,136,3,12,160,515,1158.0539,477.6102316,,
350163,648445,GA,Troup,13,3,29,138,,9,105,285,1117.444,327.032068,,
350175,695778,GA,Turner,1,8,13,169,2,9,249,1012,1222.9406,753.0702705,,
350176,586462,GA,Turner,2,8,13,169,1,10,96,209,1169.6796,246.6384095,,
350177,606272,GA,Turner,3,8,13,169,,2,40,50,675.5421,105.4726041,,
350178,717433,GA,Twiggs,Db,8,26,133,,6,105,137,831.7002,212.411408,,
350179,630801,GA,Twiggs,Gi,8,26,133,2,12,164,514,977.5734,532.4667355,,
350180,594559,GA,Twiggs,Hv,8,26,133,,1,94,137,477.1687,150.0919941,,
350181,1137717,GA,Twiggs,Jv-W,8,26,133,1,14,181,486,884.9218,512.2830531,,
350182,1137718,GA,Twiggs,Sg-T,8,26,133,2,3,101,220,544.1617,242.8764953,,
350183,682690,GA,Union,1,9,51,8,2,12,198,182,1736.1743,372.7351852,,
350186,657091,GA,Union,2,9,51,8,,7,142,119,1538.4725,277.5912073,,
350187,663549,GA,Union,3,9,51,8,2,10,110,88,1200.7528,248.278918,,
350188,704535,GA,Union,4,9,51,8,3,10,143,107,1645.7669,295.7363965,,
350189,670377,GA,Union,5,9,51,8,1,5,32,25,447.8914,72.69029588,,
350190,694166,GA,Union,6,9,51,8,,10,73,56,837.1654,163.6982759,,
350191,654848,GA,Union,7,9,51,8,1,6,127,81,1234.2364,231.0229576,,
350192,592437,GA,Union,8,9,51,8,1,5,159,116,1710.121,313.336258,,
350193,710812,GA,Union,9,9,51,8,9,25,174,127,1974.1811,372.987554,,
350184,620529,GA,Union,10,9,51,8,1,6,148,112,1670.9094,285.4602742,,
350185,620511,GA,Union,11,9,51,8,,10,91,67,1049.5757,202.4071198,,
350202,620522,GA,Upson,588,3,18,134,1,4,94,153,1007.5367,229.8911395,,
350203,594626,GA,Upson,589,3,18,134,,5,36,139,249.0706,177.673262,,
350196,689779,GA,Upson,1610,3,18,134,4,25,398,906,5200.4641,1201.68814,,
350201,594618,GA,Upson,5610,3,18,134,7,47,523,1945,4367.7529,1718.654699,,
350216,586399,GA,Walker,871,14,53,1,3,22,314,435,3524.6931,701.5105528,,
1082068,649895,GA,Walker,917,14,53,2,1,7,72,65,1321.7966,190.8914889,,
1701193,652696,GA,Walker,944,14,53,2,4,18,234,310,3938.0758,698.5216894,,
1701194,630805,GA,Walker,953,14,53,2,2,4,61,86,950.6762,164.4224612,,
350205,704519,GA,Walker,1161,14,53,1,1,3,49,58,790.0303,165.2182965,,
350206,721756,GA,Walker,1501,14,53,1,9,27,326,428,3577.0908,767.2611038,,
350209,694115,GA,Walker,1809,14,53,1,,2,68,106,872.7102,169.8877323,,
350210,620524,GA,Walker,1812,14,53,1,9,26,308,575,2883.6056,725.544709,,
350211,665725,GA,Walker,1818,14,53,2,2,25,275,387,4163.2728,777.1924606,,
350212,620510,GA,Walker,1851,14,53,1,2,9,43,92,799.0667,219.0215693,,
350213,628637,GA,Walker,1893,14,53,1,1,7,137,237,1440.3844,329.8396978,,
350222,677494,GA,Walton,1663,10,46,111,12,46,387,691,3502.4152,861.3216417,,
350223,677448,GA,Walton,1675,10,42,114,5,17,116,151,2106.996,300.6643571,,
1701195,684365,GA,Walton,250,10,46,112,2,20,201,401,2855.1888,546.9278908,,
350225,630811,GA,Walton,414,10,46,112,5,9,158,256,2438.6045,408.8467064,,
350226,680384,GA,Walton,415,10,46,111,5,27,314,611,3619.9241,791.7463688,,
350227,663550,GA,Walton,416,10,42,112,,20,178,315,1786.9005,413.9951572,,
350228,594629,GA,Walton,417,10,42,111,6,70,785,2110,5104.987,1758.629643,,
350229,656988,GA,Walton,418,10,42,114,1,19,314,775,3040.9329,828.1834032,,
350230,636950,GA,Walton,419,10,46,112,6,33,422,848,3856.255,942.7054814,,
350233,586476,GA,Walton,422,10,42,112,2,28,271,729,2828.6379,796.5618183,,
350234,715731,GA,Walton,423,10,42,112,4,14,258,507,2685.2971,600.6140727,,
350235,614129,GA,Walton,424,10,46,111,4,27,205,463,2300.4283,548.8538575,,
350236,618424,GA,Walton,425,10,46,112,9,73,748,2376,4565.0483,1835.179957,,
1640602,941352,GA,Walton,427,10,42,111,5,49,512,1547,2656.0976,1247.23179,,
350238,668736,GA,Walton,502,10,42,112,,7,76,109,1550.2109,241.224616,,
350240,616288,GA,Walton,559,10,46,112,2,11,141,222,1942.7578,359.3960281,,
350241,586493,GA,Ware,100,1,3,174,6,52,479,1717,1886.5739,1235.070739,,
350242,694195,GA,Ware,200a,1,8,176,3,16,216,485,1595.0118,476.0031805,,
350243,684348,GA,Ware,200b,1,3,174,,9,69,141,355.776,130.9980077,,
2294356,1135093,GA,Ware,200c,1,3,176,2,9,101,161,1333.8969,240.8134099,,
350244,677512,GA,Ware,300,1,8,176,2,17,222,457,2016.3458,474.9870812,,
350245,710808,GA,Ware,304,1,8,176,,,33,42,485.9272,84.78475414,,
350246,721750,GA,Ware,400,1,3,174,,2,31,37,457.8576,67.32904962,,
350247,636948,GA,Ware,404,1,8,176,,1,8,5,264.8814,37.11895003,,
350248,652695,GA,Ware,405,1,8,176,,,15,12,397.1425,49.74470008,,
350249,656994,GA,Ware,406,1,8,176,1,3,44,59,966.1761,132.2095953,,
350250,586482,GA,Ware,407,1,8,174,,1,15,13,389.3708,45.70276375,,
350251,626509,GA,Ware,408,1,8,176,1,1,12,15,341.5546,39.13448529,,
350252,630784,GA,Ware,409,1,8,176,1,4,19,32,644.1411,79.9772565,,
350253,618438,GA,Warren,1,12,23,128,,18,325,1331,2144.0115,1126.723629,,
350259,650561,GA,Washington,1253,12,26,128,,2,78,108,386.2634,143.4566306,,
350260,636939,GA,Washington,1350,12,26,128,,4,109,134,484.3023,194.5360157,,
350261,695825,GA,Washington,1488,12,26,128,,14,389,929,1435.8067,783.9531485,,
350262,652684,GA,Washington,88,12,26,128,,1,75,123,352.0695,151.3866344,,
350263,657098,GA,Washington,91,12,26,128,,7,137,165,657.7726,244.7546051,,
350264,668715,GA,Washington,94,12,26,128,1,5,114,219,524.011,228.8897494,,
350265,660774,GA,Washington,97,12,26,128,7,73,870,2086,3677.4468,2024.29599,,
350266,628625,GA,Washington,99,12,26,128,,1,51,61,403.5037,111.0779503,,
350267,628638,GA,Wayne,01a,1,19,178,,,26,44,895.6391,98.25196532,,
350268,709101,GA,Wayne,01b,1,19,178,,4,42,36,849.992,99.80213825,,
350269,670419,GA,Wayne,01c,1,19,167,1,3,77,82,1080.1805,154.2949189,,
350270,586447,GA,Wayne,02a,1,19,178,,7,71,102,1175.9297,167.2637394,,
350272,682676,GA,Wayne,02c,1,19,178,,1,39,36,695.0343,86.33549589,,
350273,721728,GA,Wayne,02d,1,19,178,,4,52,93,554.6093,116.0793157,,
350274,644657,GA,Wayne,03a,1,19,167,1,3,162,313,1439.4011,305.404793,,
350275,654825,GA,Wayne,03b,1,19,178,,1,35,45,760.7621,95.93637249,,
350277,710803,GA,Wayne,04a,1,19,178,3,12,127,351,479.7099,300.7257715,,
350278,650560,GA,Wayne,04b,1,19,178,2,12,77,203,627.4894,203.4726973,,
350279,704516,GA,Wayne,05a,1,19,178,2,12,109,229,1024.7826,276.1077635,,
350280,710772,GA,Wayne,05b,1,19,178,2,5,132,229,1058.4156,245.2401788,,
350283,677476,GA,Webster,P1,2,12,151,1,9,201,450,1056.2664,425.0309971,,
350286,650553,GA,Wheeler,1,12,19,156,2,15,183,292,1140.0573,340.6830889,,
350287,592447,GA,Wheeler,2,12,19,156,,10,103,149,755.4077,192.0582526,,
350289,1139756,GA,White,011 - Blue Creek,9,50,8,6,22,84,82,1693.9743,300.5430483,,
350291,1139757,GA,White,021 - Blue Ridge,9,51,8,,3,55,47,710.489,121.0011803,,
350292,1139758,GA,White,031 - Robertstown/Helen,9,50,8,3,6,54,50,625.8546,129.5862319,,
350293,1139759,GA,White,041 - Mossy Creek,9,50,8,3,8,106,101,2060.005,266.7758801,,
350294,1139760,GA,White,051 - Mt Yonah,9,51,8,2,17,197,214,2964.0977,481.2401289,,
350295,1139761,GA,White,061 - Nacoochee,9,50,8,11,23,98,78,1077.8913,249.8583757,,
350297,1139762,GA,White,081 - Shoal Creek,9,51,9,,4,76,78,1563.8592,218.8826321,,
350298,1139763,GA,White,091 - Tesnatee,9,51,8,,3,62,53,841.5709,146.9196134,,
350288,1139764,GA,White,101 - Town Creek,9,51,9,2,6,92,60,1119.3367,190.6510985,,
350290,1139765,GA,White,111 - White Creek,9,50,8,,1,50,54,1156.9245,141.4594845,,
350299,833466,GA,Whitfield,01a,14,54,4,5,25,246,531,938.3764,408.8923946,,
350300,833524,GA,Whitfield,02a,14,54,2,8,35,200,362,1709.7935,464.5442629,,
350301,833435,GA,Whitfield,03a,14,54,4,10,36,183,310,1317.2066,414.3890704,,
350302,833554,GA,Whitfield,04a,14,54,4,9,42,261,379,1500.4373,494.0882698,,
350303,833657,GA,Whitfield,05a,14,54,4,1,26,332,735,683.5059,412.3226486,,
350304,833484,GA,Whitfield,06a,14,54,4,3,11,209,519,495.2088,286.3177723,,
350305,704525,GA,Whitfield,An,14,54,4,,12,229,483,862.2676,353.9876762,,
350306,614097,GA,Whitfield,Ca,14,54,2,2,11,87,121,1004.0496,212.8129442,,
350307,586477,GA,Whitfield,Co,14,54,6,,4,72,81,900.5964,175.2103286,,
350308,654795,GA,Whitfield,Dg,14,54,4,3,17,308,442,1808.4264,522.3674046,,
350309,620575,GA,Whitfield,Es,14,54,4,,10,125,222,716.6019,224.038831,,
350310,715734,GA,Whitfield,Fi,14,54,4,3,17,142,221,1035.7232,284.5428391,,
350311,654872,GA,Whitfield,Gl,14,54,4,1,7,218,403,1307.2837,381.0391631,,
350312,586475,GA,Whitfield,Lt,14,54,6,,5,38,38,805.9607,125.6341862,,
350313,652668,GA,Whitfield,Mc,14,54,2,5,10,75,86,1085.8021,197.2857391,,
350314,654884,GA,Whitfield,Ni,14,54,4,,9,100,137,1436.6439,275.0417295,,
350315,679633,GA,Whitfield,Pg,14,54,2,7,26,385,567,2461.9094,648.799234,,
350316,614067,GA,Whitfield,Th,14,54,2,3,10,176,251,2211.6741,477.0040874,,
350317,663589,GA,Whitfield,Ti,14,54,4,,3,32,42,399.9028,81.38187681,,
350318,628668,GA,Whitfield,Tr,14,54,2,,3,50,62,946.7651,158.1799806,,
350319,672053,GA,Whitfield,Ut,14,54,6,,2,43,59,718.5967,126.8586051,,
350320,594580,GA,Whitfield,Va,14,54,6,8,32,290,468,3247.5837,723.6025143,,
350321,628639,GA,Whitfield,Ws,14,54,2,1,8,113,193,1605.3145,342.180302,,
350322,640749,GA,Wilcox,01a,8,20,148,2,4,56,228,237.3031,143.0745901,,
350323,614122,GA,Wilcox,02a,8,20,148,,4,27,81,225.5314,77.56428603,,
350324,626532,GA,Wilcox,02b,8,20,148,,5,47,131,387.5434,139.4253482,,
350325,620567,GA,Wilcox,03a,8,20,148,,,44,40,561.8021,85.12389466,,
350326,594600,GA,Wilcox,04a,8,20,148,,2,40,79,670.684,108.3632676,,
350327,695802,GA,Wilcox,05a,8,20,148,,4,65,126,695.4101,145.9365086,,
350328,677461,GA,Wilkes,1,12,24,123,7,27,154,479,912.9571,525.848909,,
350329,592478,GA,Wilkes,02a,12,24,123,,7,128,149,801.2115,228.8560659,,
350330,614047,GA,Wilkes,02b,12,24,123,,4,53,82,412.3617,116.0685301,,
350331,648395,GA,Wilkes,03a,12,24,123,2,15,77,375,541.4283,345.7321174,,
350332,626475,GA,Wilkes,03b,10,24,123,1,6,61,102,353.2431,121.3404334,,
350333,614118,GA,Wilkes,04a,12,24,123,2,10,115,157,659.4679,241.5766202,,
350334,654856,GA,Wilkes,04b,10,24,123,1,7,86,156,562.5179,190.2273416,,
350337,630779,GA,Wilkinson,2,8,26,133,,1,32,16,330.8786,52.30072564,,
350338,660797,GA,Wilkinson,3,8,26,133,,,5,16,133.0076,30.61505811,,
350340,586469,GA,Wilkinson,5,8,26,133,3,14,146,528,1069.191,648.4459891,,
350342,586392,GA,Wilkinson,7,8,26,133,1,5,49,114,478.3343,200.1751598,,
350335,632924,GA,Wilkinson,10,8,26,133,,15,253,513,1677.3343,689.9014551,,
350336,660782,GA,Wilkinson,11,8,26,133,2,4,42,85,430.1763,117.2701188,,
350344,695804,GA,Worth,1,8,13,152,2,26,258,893,1449.0563,765.159973,,
350352,695793,GA,Worth,2,8,13,152,,1,72,123,999.1664,200.0807403,,
350353,586479,GA,Worth,3,8,13,152,,1,42,75,555.0944,106.0970155,,
350354,680367,GA,Worth,4,8,13,152,,3,49,86,533.9289,97.01522176,,
350355,614046,GA,Worth,5,8,13,152,,7,69,122,876.3805,180.2504116,,
350356,717394,GA,Worth,6,8,13,152,,3,47,80,500.2498,122.9806494,,
350357,657033,GA,Worth,7,8,13,152,,2,40,44,587.4322,89.36009578,,
350358,630797,GA,Worth,8,8,13,152,1,5,89,140,1306.2751,241.0110941,,
350359,628640,GA,Worth,9,8,13,152,,3,38,49,721.9275,88.21668919,,